Date,Traded Companies,Stock Symbol,No. Of Transaction,Max Price,Min Price,Closing Price,Traded Shares,Amount,Previous Closing,Difference Rs.,Sector
2010-05-09,Triveni Bikas Bank Limited,,5,321.00,303.00,303.00,330.00,103950.00,327.00,-24.00 ,
2010-05-10,Triveni Bikas Bank Limited,,1,309.00,309.00,309.00,20.00,6180.00,303.00,6.00 ,
2010-05-11,Supreme Development Bank Ltd.,,1,131.00,131.00,131.00,200.00,26200.00,129.00,2.00 ,
2010-05-12,Supreme Development Bank Ltd.,,6,139.00,133.00,139.00,1600.00,215300.00,131.00,8.00 ,
2010-05-13,Universal Finance Ltd.,,1,200.00,200.00,200.00,300.00,60000.00,201.00,-1.00 ,
2010-05-16,Triveni Bikas Bank Limited,,8,325.00,309.00,325.00,270.00,86160.00,303.00,22.00 ,
2010-05-17,Triveni Bikas Bank Limited,,2,319.00,313.00,313.00,20.00,6320.00,325.00,-12.00 ,
2010-05-18,United Insurance Co. (Nepal) Ltd.,UIC,3,196.00,193.00,193.00,161.00,31406.00,199.00,-6.00 ,Non Life Insurance
2010-05-19,Supreme Development Bank Ltd.,,8,141.00,140.00,141.00,1440.00,202440.00,138.00,3.00 ,
2010-05-20,Triveni Bikas Bank Limited,,1,337.00,337.00,337.00,10.00,3370.00,331.00,6.00 ,
2010-05-23,United Insurance Co. (Nepal) Ltd.,UIC,5,190.00,184.00,185.00,362.00,67766.00,193.00,-8.00 ,Non Life Insurance
2010-05-24,Supreme Development Bank Ltd.,,4,139.00,133.00,133.00,255.00,34725.00,140.00,-7.00 ,
2010-05-25,Triveni Bikas Bank Limited,,1,355.00,355.00,355.00,20.00,7100.00,349.00,6.00 ,
2010-05-26,Yeti Finance Ltd.,,1,275.00,275.00,275.00,500.00,137500.00,410.00,-135.00 ,
2010-05-30,United Finance Ltd.,UFL,1,341.00,341.00,341.00,19.00,6479.00,347.00,-6.00 ,Finance
2010-05-31,Triveni Bikas Bank Limited,,1,375.00,375.00,375.00,10.00,3750.00,382.00,-7.00 ,
2010-06-01,Supreme Development Bank Ltd.,,4,143.00,139.00,139.00,450.00,63870.00,145.00,-6.00 ,
2010-06-02,Triveni Bikas Bank Limited,,6,385.00,375.00,385.00,660.00,248840.00,375.00,10.00 ,
2010-06-03,United Finance Ltd.,UFL,3,335.00,323.00,323.00,158.00,52354.00,341.00,-18.00 ,Finance
2010-06-06,Union Finance Co. Ltd.,,1,453.00,453.00,453.00,29.00,13137.00,462.00,-9.00 ,
2010-06-07,Yeti Finance Ltd.,,3,280.00,275.00,276.00,161.00,44536.00,275.00,1.00 ,
2010-06-08,Universal Finance Ltd.,,1,196.00,196.00,196.00,50.00,9800.00,200.00,-4.00 ,
2010-06-09,Universal Finance Ltd.,,1,193.00,193.00,193.00,10.00,1930.00,196.00,-3.00 ,
2010-06-10,Supreme Development Bank Ltd.,,9,143.00,140.00,141.00,1288.00,181448.00,139.00,2.00 ,
2010-06-13,Unilever Nepal Limited,UNL,1,4149.00,4149.00,4149.00,20.00,82980.00,4068.00,81.00 ,Manufacturing And Processing
2010-06-14,Universal Finance Ltd.,,1,191.00,191.00,191.00,10.00,1910.00,193.00,-2.00 ,
2010-06-15,Universal Finance Ltd.,,1,189.00,189.00,189.00,10.00,1890.00,191.00,-2.00 ,
2010-06-16,Triveni Bikas Bank Limited,,1,383.00,383.00,383.00,30.00,11490.00,389.00,-6.00 ,
2010-06-17,Universal Finance Ltd.,,5,187.00,181.00,181.00,2010.00,368370.00,189.00,-8.00 ,
2010-06-20,Yeti Finance Ltd.,,1,275.00,275.00,275.00,60.00,16500.00,276.00,-1.00 ,
2010-06-21,United Insurance Co. (Nepal) Ltd.,UIC,2,198.00,195.00,198.00,37.00,7275.00,192.00,6.00 ,Non Life Insurance
2010-06-22,Supreme Development Bank Ltd.,,1,136.00,136.00,136.00,100.00,13600.00,138.00,-2.00 ,
2010-06-23,United Insurance Co. (Nepal) Ltd.,UIC,6,213.00,201.00,213.00,120.00,25060.00,198.00,15.00 ,Non Life Insurance
2010-06-24,United Insurance Co. (Nepal) Ltd.,UIC,1,217.00,217.00,217.00,20.00,4340.00,213.00,4.00 ,Non Life Insurance
2010-06-28,United Finance Ltd.,UFL,1,299.00,299.00,299.00,258.00,77142.00,305.00,-6.00 ,Finance
2010-06-29,Swabalamban Laghubitta Bittiya Sanstha Limited,SWBBL,13,400.00,400.00,400.00,455.00,182000.00,395.00,5.00 ,Microfinance
2010-06-30,United Insurance Co. (Nepal) Ltd.,UIC,5,225.00,221.00,225.00,126.00,28210.00,217.00,8.00 ,Non Life Insurance
2010-07-01,United Insurance Co. (Nepal) Ltd.,UIC,5,235.00,221.00,235.00,90.00,20310.00,225.00,10.00 ,Non Life Insurance
2010-07-04,Swabalamban Laghubitta Bittiya Sanstha Limited,SWBBL,7,395.00,392.00,395.00,245.00,96670.00,392.00,3.00 ,Microfinance
2010-07-05,United Insurance Co. (Nepal) Ltd.,UIC,1,239.00,239.00,239.00,34.00,8126.00,235.00,4.00 ,Non Life Insurance
2010-07-06,Universal Finance Ltd.,,1,180.00,180.00,180.00,225.00,40500.00,181.00,-1.00 ,
2010-07-07,Universal Finance Ltd.,,1,183.00,183.00,183.00,565.00,103395.00,180.00,3.00 ,
2010-07-08,Universal Finance Ltd.,,2,189.00,186.00,189.00,20.00,3750.00,183.00,6.00 ,
2010-07-11,Supreme Development Bank Ltd.,,23,132.00,129.00,132.00,2215.00,286470.00,129.00,3.00 ,
2010-07-12,Supreme Development Bank Ltd.,,1,131.00,131.00,131.00,100.00,13100.00,132.00,-1.00 ,
2010-07-13,Supreme Development Bank Ltd.,,1,131.00,131.00,131.00,3500.00,458500.00,131.00,0.00 ,
2010-07-14,United Insurance Co. (Nepal) Ltd.,UIC,1,265.00,265.00,265.00,20.00,5300.00,253.00,12.00 ,Non Life Insurance
2010-07-15,United Insurance Co. (Nepal) Ltd.,UIC,7,273.00,268.00,270.00,24466.00,6663858.00,265.00,5.00 ,Non Life Insurance
2010-07-18,Sunrise Bank Limited,SRBL,5,260.00,255.00,255.00,330.00,85450.00,265.00,-10.00 ,Commercial Banks
2010-07-19,Universal Finance Ltd.,,3,192.00,192.00,192.00,84.00,16128.00,189.00,3.00 ,
2010-07-20,Supreme Development Bank Ltd.,,3,132.00,130.00,130.00,554.00,72244.00,132.00,-2.00 ,
2010-07-21,United Finance Ltd.,UFL,1,289.00,289.00,289.00,18.00,5202.00,294.00,-5.00 ,Finance
2010-07-22,United Finance Ltd.,UFL,4,284.00,274.00,274.00,99.00,27396.00,289.00,-15.00 ,Finance
2010-07-25,United Finance Ltd.,UFL,6,269.00,247.00,247.00,202.00,51527.00,274.00,-27.00 ,Finance
2010-07-26,United Finance Ltd.,UFL,6,243.00,227.00,227.00,163.00,38169.00,247.00,-20.00 ,Finance
2010-07-27,United Finance Ltd.,UFL,3,223.00,219.00,219.00,164.00,36348.00,227.00,-8.00 ,Finance
2010-07-28,United Finance Ltd.,UFL,1,216.00,216.00,216.00,50.00,10800.00,219.00,-3.00 ,Finance
2010-07-29,Sunrise Bank Limited,SRBL,14,260.00,255.00,255.00,1280.00,327810.00,257.00,-2.00 ,Commercial Banks
2010-08-01,Universal Finance Ltd.,,3,190.00,184.00,184.00,1584.00,292716.00,192.00,-8.00 ,
2010-08-02,Supreme Development Bank Ltd.,,1,129.00,129.00,129.00,110.00,14190.00,131.00,-2.00 ,
2010-08-03,Swabalamban Laghubitta Bittiya Sanstha Limited,SWBBL,2,410.00,410.00,410.00,183.00,75030.00,402.00,8.00 ,Microfinance
2010-08-04,Triveni Bikas Bank Limited,,3,354.00,343.00,343.00,96.00,33209.00,348.00,-5.00 ,
2010-08-05,Triveni Bikas Bank Limited,,4,337.00,325.00,325.00,64.00,21202.00,343.00,-18.00 ,
2010-08-08,Triveni Bikas Bank Limited,,6,320.00,305.00,305.00,195.00,60606.00,325.00,-20.00 ,
2010-08-09,Triveni Bikas Bank Limited,,1,300.00,300.00,300.00,92.00,27600.00,305.00,-5.00 ,
2010-08-10,Universal Finance Ltd.,,1,181.00,181.00,181.00,66.00,11946.00,184.00,-3.00 ,
2010-08-11,Triveni Bikas Bank Limited,,1,306.00,306.00,306.00,1350.00,413100.00,306.00,0.00 ,
2010-08-12,United Finance Ltd.,UFL,11,224.00,220.00,222.00,371.00,82646.00,216.00,6.00 ,Finance
2010-08-15,Universal Finance Ltd.,,8,178.00,176.00,176.00,204.00,36156.00,181.00,-5.00 ,
2010-08-16,United Finance Ltd.,UFL,9,226.00,223.00,223.00,367.00,82276.00,222.00,1.00 ,Finance
2010-08-17,Unilever Nepal Limited,UNL,3,4401.00,4231.00,4401.00,30.00,129470.00,4149.00,252.00 ,Manufacturing And Processing
2010-08-18,United Finance Ltd.,UFL,21,225.00,224.00,224.00,828.00,185535.00,223.00,1.00 ,Finance
2010-08-19,United Finance Ltd.,UFL,5,224.00,224.00,224.00,260.00,58240.00,224.00,0.00 ,Finance
2010-08-22,Universal Finance Ltd.,,3,173.00,167.00,167.00,667.00,113591.00,176.00,-9.00 ,
2010-08-23,Universal Finance Ltd.,,1,167.00,167.00,167.00,500.00,83500.00,167.00,0.00 ,
2010-08-26,Universal Finance Ltd.,,1,164.00,164.00,164.00,500.00,82000.00,167.00,-3.00 ,
2010-08-29,Universal Finance Ltd.,,1,167.00,167.00,167.00,81.00,13527.00,164.00,3.00 ,
2010-08-30,Swabalamban Laghubitta Bittiya Sanstha Limited,SWBBL,2,385.00,385.00,385.00,300.00,115500.00,390.00,-5.00 ,Microfinance
2010-08-31,Yeti Finance Ltd.,,1,278.00,278.00,278.00,460.00,127880.00,275.00,3.00 ,
2010-09-02,Yeti Finance Ltd.,,1,278.00,278.00,278.00,230.00,63940.00,278.00,0.00 ,
2010-09-05,Supreme Development Bank Ltd.,,5,121.00,120.00,120.00,1160.00,140210.00,121.00,-1.00 ,
2010-09-06,Yeti Finance Ltd.,,1,283.00,283.00,283.00,30.00,8490.00,278.00,5.00 ,
2010-09-07,Universal Finance Ltd.,,2,176.00,173.00,176.00,27.00,4701.00,170.00,6.00 ,
2010-09-08,Universal Finance Ltd.,,2,182.00,179.00,182.00,44.00,7906.00,176.00,6.00 ,
2010-09-09,Universal Finance Ltd.,,2,188.00,185.00,188.00,20.00,3730.00,182.00,6.00 ,
2010-09-12,Universal Finance Ltd.,,3,197.00,191.00,197.00,385.00,75755.00,188.00,9.00 ,
2010-09-13,Universal Finance Ltd.,,7,200.00,188.00,188.00,2375.00,463100.00,197.00,-9.00 ,
2010-09-14,United Insurance Co. (Nepal) Ltd.,UIC,1,268.00,268.00,268.00,10.00,2680.00,273.00,-5.00 ,Non Life Insurance
2010-09-15,Triveni Bikas Bank Limited,,3,270.00,265.00,265.00,122.00,32590.00,267.00,-2.00 ,
2010-09-16,United Finance Ltd.,UFL,1,220.00,220.00,220.00,32.00,7040.00,220.00,0.00 ,Finance
2010-09-19,Yeti Finance Ltd.,,1,278.00,278.00,278.00,100.00,27800.00,283.00,-5.00 ,
2010-09-20,Triveni Bikas Bank Limited,,2,260.00,260.00,260.00,23.00,5980.00,265.00,-5.00 ,
2010-09-21,Unilever Nepal Limited,UNL,1,4578.00,4578.00,4578.00,30.00,137340.00,4489.00,89.00 ,Manufacturing And Processing
2010-09-23,Triveni Bikas Bank Limited,,7,255.00,242.00,242.00,188.00,46701.00,260.00,-18.00 ,
2010-09-26,Triveni Bikas Bank Limited,,7,242.00,242.00,242.00,102.00,24684.00,242.00,0.00 ,
2010-09-27,United Finance Ltd.,UFL,3,224.00,222.00,222.00,111.00,24682.00,220.00,2.00 ,Finance
2010-09-28,Triveni Bikas Bank Limited,,4,245.00,242.00,245.00,173.00,42235.00,245.00,0.00 ,
2010-09-29,Triveni Bikas Bank Limited,,3,252.00,245.00,252.00,107.00,26458.00,245.00,7.00 ,
2010-09-30,Triveni Bikas Bank Limited,,10,268.00,257.00,259.00,695.00,181414.00,252.00,7.00 ,
2010-10-03,United Finance Ltd.,UFL,6,226.00,222.00,226.00,205.00,45965.00,222.00,4.00 ,Finance
2010-10-05,United Insurance Co. (Nepal) Ltd.,UIC,1,275.00,275.00,275.00,20.00,5500.00,268.00,7.00 ,Non Life Insurance
2010-10-06,United Insurance Co. (Nepal) Ltd.,UIC,4,290.00,283.00,290.00,24988.00,7246284.00,275.00,15.00 ,Non Life Insurance
2010-10-07,United Finance Ltd.,UFL,2,222.00,220.00,222.00,77.00,17060.00,221.00,1.00 ,Finance
2010-10-10,United Finance Ltd.,UFL,1,220.00,220.00,220.00,55.00,12100.00,222.00,-2.00 ,Finance
2010-10-11,Universal Finance Ltd.,,1,188.00,188.00,188.00,81.00,15228.00,188.00,0.00 ,
2010-10-12,Unilever Nepal Limited,UNL,1,4896.00,4896.00,4896.00,20.00,97920.00,4800.00,96.00 ,Manufacturing And Processing
2010-10-13,United Finance Ltd.,UFL,1,220.00,220.00,220.00,58.00,12760.00,220.00,0.00 ,Finance
2010-10-20,Suryadarshan Finance Company Limited,,12,333.00,333.00,333.00,120.00,39960.00,0.00,333.00 ,
2010-10-21,Yeti Finance Ltd.,,1,278.00,278.00,278.00,31.00,8618.00,278.00,0.00 ,
2010-10-24,Universal Finance Ltd.,,1,188.00,188.00,188.00,24.00,4512.00,188.00,0.00 ,
2010-10-25,United Insurance Co. (Nepal) Ltd.,UIC,3,295.00,295.00,295.00,51.00,15045.00,290.00,5.00 ,Non Life Insurance
2010-10-26,Yeti Finance Ltd.,,1,283.00,283.00,283.00,50.00,14150.00,278.00,5.00 ,
2010-10-27,Suryadarshan Finance Company Limited,,5,260.00,246.00,246.00,50.00,12610.00,273.00,-27.00 ,
2010-10-28,Suryadarshan Finance Company Limited,,4,234.00,222.00,222.00,40.00,9120.00,246.00,-24.00 ,
2010-10-31,United Finance Ltd.,UFL,3,220.00,220.00,220.00,190.00,41800.00,220.00,0.00 ,Finance
2010-11-02,Zenith Finance Limited,,2,396.00,389.00,389.00,20.00,7850.00,0.00,389.00 ,
2010-11-03,United Finance Ltd.,UFL,3,219.00,216.00,216.00,1032.00,223008.00,220.00,-4.00 ,Finance
2010-11-04,Suryadarshan Finance Company Limited,,131,188.00,180.00,188.00,2520.00,460370.00,181.00,7.00 ,
2010-11-09,United Finance Ltd.,UFL,2,216.00,212.00,212.00,992.00,214100.00,216.00,-4.00 ,Finance
2010-11-10,Zenith Finance Limited,,2,370.00,370.00,370.00,20.00,7400.00,389.00,-19.00 ,
2010-11-11,Zenith Finance Limited,,1,352.00,352.00,352.00,20.00,7040.00,370.00,-18.00 ,
2010-11-14,United Finance Ltd.,UFL,1,214.00,214.00,214.00,32.00,6848.00,214.00,0.00 ,Finance
2010-11-15,Zenith Finance Limited,,1,335.00,335.00,335.00,20.00,6700.00,352.00,-17.00 ,
2010-11-16,Suryadarshan Finance Company Limited,,127,186.00,181.00,182.00,2180.00,403310.00,186.00,-4.00 ,
2010-11-18,Zenith Finance Limited,,1,319.00,319.00,319.00,10.00,3190.00,335.00,-16.00 ,
2010-11-21,Zenith Finance Limited,,10,313.00,288.00,288.00,230.00,68720.00,319.00,-31.00 ,
2010-11-22,Triveni Bikas Bank Limited,,1,223.00,223.00,223.00,10.00,2230.00,226.00,-3.00 ,
2010-11-23,Udhyam Bikas Bank Limited,,1,310.00,310.00,310.00,10.00,3100.00,318.00,-8.00 ,
2010-11-24,Zenith Finance Limited,,13,283.00,260.00,260.00,180.00,48190.00,288.00,-28.00 ,
2010-11-25,Zenith Finance Limited,,10,255.00,234.00,234.00,100.00,24080.00,260.00,-26.00 ,
2010-11-28,Zenith Finance Limited,,34,230.00,211.00,211.00,450.00,95500.00,234.00,-23.00 ,
2010-11-29,Zenith Finance Limited,,421,211.00,196.00,210.00,6850.00,1421980.00,211.00,-1.00 ,
2010-11-30,Zenith Finance Limited,,199,213.00,207.00,211.00,2720.00,570870.00,210.00,1.00 ,
2010-12-01,Zenith Finance Limited,,212,232.00,210.00,219.00,3760.00,824300.00,211.00,8.00 ,
2010-12-02,Zenith Finance Limited,,278,232.00,215.00,220.00,4600.00,1037710.00,219.00,1.00 ,
2010-12-05,Zenith Finance Limited,,207,229.00,220.00,221.00,3400.00,759190.00,220.00,1.00 ,
2010-12-06,Zenith Finance Limited,,183,225.00,214.00,225.00,3180.00,693100.00,221.00,4.00 ,
2010-12-07,Zenith Finance Limited,,206,230.00,215.00,230.00,3030.00,666830.00,225.00,5.00 ,
2010-12-08,Zenith Finance Limited,,83,230.00,213.00,214.00,1680.00,375490.00,230.00,-16.00 ,
2010-12-09,Zenith Finance Limited,,117,221.00,213.00,219.00,2030.00,443410.00,214.00,5.00 ,
2010-12-12,Zenith Finance Limited,,189,230.00,214.00,230.00,4330.00,966520.00,219.00,11.00 ,
2010-12-13,Zenith Finance Limited,,65,226.00,218.00,226.00,1550.00,344970.00,230.00,-4.00 ,
2010-12-14,Zenith Finance Limited,,150,226.00,212.00,226.00,2720.00,592690.00,226.00,0.00 ,
2010-12-15,Zenith Finance Limited,,218,226.00,214.00,225.00,3770.00,838580.00,226.00,-1.00 ,
2010-12-16,Zenith Finance Limited,,203,224.00,219.00,219.00,2490.00,550730.00,225.00,-6.00 ,
2010-12-19,Zenith Finance Limited,,87,223.00,214.00,221.00,1390.00,305140.00,219.00,2.00 ,
2010-12-20,Zenith Finance Limited,,262,220.00,210.00,220.00,3880.00,837290.00,221.00,-1.00 ,
2010-12-22,Zenith Finance Limited,,408,224.00,210.00,224.00,6860.00,1513620.00,220.00,4.00 ,
2010-12-23,Zenith Finance Limited,,600,228.00,219.00,228.00,8270.00,1852490.00,224.00,4.00 ,
2010-12-26,Zenith Finance Limited,,237,239.00,223.00,224.00,4420.00,1002040.00,228.00,-4.00 ,
2010-12-27,Zenith Finance Limited,,784,235.00,220.00,225.00,10850.00,2436180.00,224.00,1.00 ,
2010-12-28,Zenith Finance Limited,,708,225.00,219.00,220.00,9740.00,2160640.00,225.00,-5.00 ,
2010-12-29,Zenith Finance Limited,,827,231.00,213.00,231.00,10680.00,2327530.00,220.00,11.00 ,
2011-01-02,Yeti Finance Ltd. Promoter Share,,2,130.00,130.00,130.00,39652.00,5154760.00,146.00,-16.00 ,
2011-01-03,Zenith Finance Limited,,6,193.00,187.00,187.00,90.00,17130.00,231.00,-44.00 ,
2011-01-04,Zenith Finance Limited,,1,185.00,185.00,185.00,10.00,1850.00,187.00,-2.00 ,
2011-01-05,Zenith Finance Limited,,5,182.00,182.00,182.00,50.00,9100.00,185.00,-3.00 ,
2011-01-06,Zenith Finance Limited,,1,182.00,182.00,182.00,10.00,1820.00,182.00,0.00 ,
2011-01-09,Zenith Finance Limited,,10,179.00,179.00,179.00,170.00,30430.00,182.00,-3.00 ,
2011-01-10,Unique Finance Ltd.,,143,168.00,165.00,168.00,1830.00,305320.00,165.00,3.00 ,
2011-01-11,Universal Finance Limited Promoter Share,,2,130.00,130.00,130.00,812.00,105560.00,130.00,0.00 ,
2011-01-12,Zenith Finance Limited,,1,179.00,179.00,179.00,10.00,1790.00,179.00,0.00 ,
2011-01-13,United Finance Ltd.,UFL,5,204.00,200.00,204.00,310.00,62248.00,200.00,4.00 ,Finance
2011-01-16,Zenith Finance Limited,,6,182.00,182.00,182.00,80.00,14560.00,179.00,3.00 ,
2011-01-17,Zenith Finance Limited,,6,179.00,173.00,173.00,60.00,10560.00,182.00,-9.00 ,
2011-01-18,Zenith Finance Limited,,1,174.00,174.00,174.00,10.00,1740.00,173.00,1.00 ,
2011-01-19,Zenith Finance Limited,,3,174.00,171.00,171.00,30.00,5160.00,174.00,-3.00 ,
2011-01-20,United Finance Ltd.,UFL,1,200.00,200.00,200.00,160.00,32000.00,200.00,0.00 ,Finance
2011-01-23,Universal Finance Ltd.,,4,179.00,170.00,170.00,41.00,7159.00,182.00,-12.00 ,
2011-01-24,Unique Finance Ltd.,,234,168.00,159.00,163.00,2640.00,430590.00,162.00,1.00 ,
2011-01-31,Zenith Finance Limited,,1,168.00,168.00,168.00,50.00,8400.00,171.00,-3.00 ,
2011-02-01,Zenith Finance Limited,,6,170.00,170.00,170.00,60.00,10200.00,168.00,2.00 ,
2011-02-02,United Finance Ltd.,UFL,2,204.00,200.00,204.00,193.00,39152.00,200.00,4.00 ,Finance
2011-02-03,Zenith Finance Limited,,4,173.00,173.00,173.00,80.00,13840.00,170.00,3.00 ,
2011-02-06,Unique Finance Ltd.,,22,157.00,144.00,146.00,610.00,89180.00,160.00,-14.00 ,
2011-02-07,United Finance Ltd.,UFL,1,200.00,200.00,200.00,31.00,6200.00,204.00,-4.00 ,Finance
2011-02-08,Unique Finance Ltd.,,17,147.00,145.00,147.00,190.00,27670.00,149.00,-2.00 ,
2011-02-09,United Finance Ltd.,UFL,1,204.00,204.00,204.00,25.00,5100.00,200.00,4.00 ,Finance
2011-02-10,Unique Finance Ltd.,,4,152.00,150.00,152.00,40.00,6020.00,149.00,3.00 ,
2011-02-13,United Finance Ltd.,UFL,1,205.00,205.00,205.00,62.00,12710.00,204.00,1.00 ,Finance
2011-02-14,Zenith Finance Limited,,1,173.00,173.00,173.00,20.00,3460.00,173.00,0.00 ,
2011-02-15,United Finance Ltd.,UFL,1,205.00,205.00,205.00,28.00,5740.00,205.00,0.00 ,Finance
2011-02-16,Unique Finance Ltd.,,21,144.00,142.00,142.00,320.00,45790.00,145.00,-3.00 ,
2011-02-17,United Finance Ltd.,UFL,1,201.00,201.00,201.00,64.00,12864.00,205.00,-4.00 ,Finance
2011-02-20,Zenith Finance Limited,,5,175.00,172.00,175.00,120.00,20880.00,173.00,2.00 ,
2011-02-21,Zenith Finance Limited,,5,172.00,172.00,172.00,90.00,15480.00,175.00,-3.00 ,
2011-02-22,Zenith Finance Limited,,2,173.00,170.00,173.00,30.00,5160.00,172.00,1.00 ,
2011-02-23,Zenith Finance Limited,,2,171.00,168.00,168.00,120.00,20340.00,173.00,-5.00 ,
2011-02-24,Zenith Finance Limited,,2,174.00,171.00,174.00,30.00,5160.00,168.00,6.00 ,
2011-02-27,Zenith Finance Limited,,37,171.00,165.00,165.00,790.00,134610.00,174.00,-9.00 ,
2011-02-28,Zenith Finance Limited,,7,174.00,168.00,168.00,260.00,44220.00,165.00,3.00 ,
2011-03-01,Zenith Finance Limited,,2,168.00,165.00,165.00,110.00,18330.00,168.00,-3.00 ,
2011-03-03,Unique Finance Ltd.,,142,130.00,126.00,130.00,1780.00,229770.00,130.00,0.00 ,
2011-03-07,Zenith Finance Limited,,7,162.00,160.00,160.00,150.00,24100.00,165.00,-5.00 ,
2011-03-09,Zenith Finance Limited,,1,157.00,157.00,157.00,12.00,1884.00,160.00,-3.00 ,
2011-03-10,Zenith Finance Limited,,11,154.00,150.00,150.00,294.00,44668.00,157.00,-7.00 ,
2011-03-13,Zenith Finance Limited,,12,150.00,143.00,143.00,404.00,59056.00,150.00,-7.00 ,
2011-03-14,Zenith Finance Limited,,19,144.00,138.00,138.00,292.00,41284.00,143.00,-5.00 ,
2011-03-15,Zenith Finance Limited,,8,136.00,133.00,135.00,476.00,63874.00,138.00,-3.00 ,
2011-03-16,Zenith Finance Limited,,6,135.00,135.00,135.00,72.00,9720.00,135.00,0.00 ,
2011-03-17,Zenith Finance Limited,,5,137.00,135.00,137.00,90.00,12270.00,135.00,2.00 ,
2011-03-20,Zenith Finance Limited,,10,137.00,135.00,135.00,172.00,23352.00,137.00,-2.00 ,
2011-03-21,Zenith Finance Limited,,1,137.00,137.00,137.00,84.00,11508.00,135.00,2.00 ,
2011-03-22,Valley Finance Limited,,6,247.00,227.00,227.00,60.00,14220.00,252.00,-25.00 ,
2011-03-23,Western Development Bank Limited,,1,324.00,324.00,324.00,20.00,6480.00,330.00,-6.00 ,
2011-03-24,Zenith Finance Limited,,19,143.00,139.00,140.00,438.00,62058.00,137.00,3.00 ,
2011-03-27,Zenith Finance Limited,,1,140.00,140.00,140.00,12.00,1680.00,140.00,0.00 ,
2011-03-28,Zenith Finance Limited,,11,142.00,139.00,140.00,482.00,67528.00,140.00,0.00 ,
2011-03-29,Zenith Finance Limited,,6,139.00,135.00,135.00,456.00,62084.00,140.00,-5.00 ,
2011-03-30,Zenith Finance Limited,,17,138.00,136.00,136.00,480.00,65424.00,135.00,1.00 ,
2011-03-31,Zenith Finance Limited,,11,135.00,133.00,135.00,168.00,22584.00,136.00,-1.00 ,
2011-04-04,Zenith Finance Limited,,29,139.00,137.00,137.00,398.00,54670.00,135.00,2.00 ,
2011-04-05,Zenith Finance Limited,,8,135.00,133.00,135.00,188.00,25308.00,137.00,-2.00 ,
2011-04-06,Zenith Finance Limited,,19,138.00,135.00,137.00,396.00,53952.00,135.00,2.00 ,
2011-04-07,Zenith Finance Limited,,16,137.00,135.00,135.00,420.00,56820.00,137.00,-2.00 ,
2011-04-10,Zenith Finance Limited,,9,134.00,133.00,133.00,204.00,27312.00,135.00,-2.00 ,
2011-04-11,Zenith Finance Limited,,7,133.00,132.00,133.00,168.00,22236.00,133.00,0.00 ,
2011-04-13,Zenith Finance Limited,,3,131.00,127.00,127.00,48.00,6216.00,133.00,-6.00 ,
2011-04-17,Zenith Finance Limited,,7,125.00,121.00,121.00,144.00,17616.00,127.00,-6.00 ,
2011-04-18,Zenith Finance Limited,,26,125.00,120.00,120.00,360.00,44436.00,121.00,-1.00 ,
2011-04-19,Zenith Finance Limited,,34,127.00,122.00,127.00,406.00,50030.00,120.00,7.00 ,
2011-04-20,Zenith Finance Limited,,37,132.00,127.00,132.00,468.00,59544.00,127.00,5.00 ,
2011-04-21,Zenith Finance Limited,,34,134.00,126.00,126.00,480.00,63300.00,132.00,-6.00 ,
2011-04-25,Zenith Finance Limited,,20,126.00,126.00,126.00,240.00,30240.00,126.00,0.00 ,
2011-04-26,Union Finance Co. Ltd.,,3,138.00,134.00,134.00,81.00,11016.00,140.00,-6.00 ,
2011-04-27,Zenith Finance Limited,,89,126.00,115.00,124.00,1738.00,212808.00,126.00,-2.00 ,
2011-04-28,Zenith Finance Limited,,12,126.00,125.00,126.00,736.00,92120.00,124.00,2.00 ,
2011-05-02,Zenith Finance Limited,,55,126.00,120.00,126.00,1024.00,124864.00,126.00,0.00 ,
2011-05-03,Zenith Finance Limited,,47,128.00,114.00,114.00,1536.00,178738.00,126.00,-12.00 ,
2011-05-04,Zenith Finance Limited,,271,121.00,103.00,119.00,4920.00,541126.00,114.00,5.00 ,
2011-05-05,Zenith Finance Limited,,108,117.00,108.00,111.00,2980.00,331178.00,119.00,-8.00 ,
2011-05-08,Zenith Finance Limited,,15,110.00,108.00,108.00,292.00,32056.00,111.00,-3.00 ,
2011-05-09,Zenith Finance Limited,,18,106.00,106.00,106.00,216.00,22896.00,108.00,-2.00 ,
2011-05-10,Zenith Finance Limited,,28,108.00,98.00,108.00,416.00,43260.00,106.00,2.00 ,
2011-05-11,Zenith Finance Limited,,5,110.00,109.00,109.00,404.00,44216.00,108.00,1.00 ,
2011-05-12,Zenith Finance Limited,,14,119.00,111.00,119.00,236.00,27532.00,109.00,10.00 ,
2011-05-15,Zenith Finance Limited,,9,120.00,116.00,118.00,170.00,20100.00,119.00,-1.00 ,
2011-05-16,Zenith Finance Limited,,6,121.00,120.00,121.00,148.00,17848.00,118.00,3.00 ,
2011-05-18,Zenith Finance Limited,,4,126.00,123.00,126.00,102.00,12666.00,121.00,5.00 ,
2011-05-19,Western Development Bank Limited,,6,185.00,185.00,185.00,90.00,16650.00,188.00,-3.00 ,
2011-05-22,Zenith Finance Limited,,1,128.00,128.00,128.00,36.00,4608.00,126.00,2.00 ,
2011-05-23,Valley Finance Limited,,21,119.00,117.00,117.00,280.00,32900.00,118.00,-1.00 ,
2011-05-24,Zenith Finance Limited,,4,126.00,122.00,122.00,84.00,10344.00,128.00,-6.00 ,
2011-05-25,Zenith Finance Limited,,33,121.00,118.00,120.00,1216.00,145942.00,122.00,-2.00 ,
2011-05-26,Zenith Finance Limited,,1,120.00,120.00,120.00,80.00,9600.00,120.00,0.00 ,
2011-05-30,Zenith Finance Limited,,16,122.00,114.00,120.00,348.00,40956.00,120.00,0.00 ,
2011-05-31,Valley Finance Limited,,128,124.00,119.00,119.00,2070.00,250800.00,120.00,-1.00 ,
2011-06-01,Valley Finance Limited,,43,118.00,114.00,114.00,440.00,51820.00,119.00,-5.00 ,
2011-06-02,Zenith Finance Limited,,1,118.00,118.00,118.00,10.00,1180.00,120.00,-2.00 ,
2011-06-05,Zenith Finance Limited,,6,116.00,114.00,114.00,132.00,15072.00,118.00,-4.00 ,
2011-06-06,Western Development Bank Limited,,2,179.00,176.00,176.00,20.00,3550.00,182.00,-6.00 ,
2011-06-07,Zenith Finance Limited,,24,112.00,106.00,112.00,404.00,43928.00,114.00,-2.00 ,
2011-06-08,Western Development Bank Limited,,1,156.00,156.00,156.00,10.00,1560.00,164.00,-8.00 ,
2011-06-09,Valley Finance Limited,,31,107.00,105.00,105.00,350.00,36930.00,104.00,1.00 ,
2011-06-12,Valley Finance Limited,,73,105.00,102.00,104.00,1010.00,105300.00,105.00,-1.00 ,
2011-06-13,Valley Finance Limited,,67,103.00,98.00,98.00,870.00,87260.00,104.00,-6.00 ,
2011-06-14,Valley Finance Limited,,170,101.00,98.00,100.00,2600.00,255380.00,98.00,2.00 ,
2011-06-15,Valley Finance Limited,,18,102.00,98.00,100.00,190.00,18970.00,100.00,0.00 ,
2011-06-16,Valley Finance Limited,,42,103.00,98.00,103.00,430.00,43920.00,100.00,3.00 ,
2011-06-19,Zenith Finance Limited,,20,114.00,110.00,114.00,618.00,68948.00,112.00,2.00 ,
2011-06-20,Zenith Finance Limited,,60,115.00,107.00,110.00,4286.00,474664.00,114.00,-4.00 ,
2011-06-21,Zenith Finance Limited,,26,119.00,108.00,119.00,1676.00,190600.00,110.00,9.00 ,
2011-06-23,Zenith Finance Limited,,1,121.00,121.00,121.00,50.00,6050.00,119.00,2.00 ,
2011-06-26,Valley Finance Limited,,11,107.00,105.00,105.00,160.00,17000.00,105.00,0.00 ,
2011-06-27,Valley Finance Limited,,4,106.00,106.00,106.00,80.00,8480.00,105.00,1.00 ,
2011-06-29,Zenith Finance Limited,,3,119.00,118.00,118.00,160.00,18940.00,121.00,-3.00 ,
2011-06-30,Valley Finance Limited,,1,104.00,104.00,104.00,10.00,1040.00,106.00,-2.00 ,
2011-07-03,Western Development Bank Limited,,1,149.00,149.00,149.00,10.00,1490.00,156.00,-7.00 ,
2011-07-04,Zenith Finance Limited,,4,116.00,114.00,114.00,74.00,8500.00,118.00,-4.00 ,
2011-07-05,Zenith Finance Limited,,5,112.00,106.00,106.00,96.00,10368.00,114.00,-8.00 ,
2011-07-06,Zenith Finance Limited,,7,110.00,108.00,108.00,270.00,29328.00,106.00,2.00 ,
2011-07-07,Zenith Finance Limited,,2,110.00,110.00,110.00,24.00,2640.00,108.00,2.00 ,
2011-07-10,Zenith Finance Limited,,4,111.00,111.00,111.00,144.00,15984.00,110.00,1.00 ,
2011-07-11,Zenith Finance Limited,,1,110.00,110.00,110.00,12.00,1320.00,111.00,-1.00 ,
2011-07-12,Zenith Finance Limited,,3,112.00,112.00,112.00,90.00,10080.00,110.00,2.00 ,
2011-07-13,Zenith Finance Limited,,14,112.00,110.00,112.00,486.00,54000.00,112.00,0.00 ,
2011-07-14,Valley Finance Limited,,68,112.00,112.00,112.00,700.00,78400.00,111.00,1.00 ,
2011-07-17,Valley Finance Limited,,15,112.00,112.00,112.00,150.00,16800.00,112.00,0.00 ,
2011-07-18,Valley Finance Limited,,5,114.00,114.00,114.00,100.00,11400.00,112.00,2.00 ,
2011-07-19,Zenith Finance Limited,,7,110.00,107.00,109.00,168.00,18336.00,112.00,-3.00 ,
2011-07-20,Zenith Finance Limited,,5,110.00,108.00,110.00,146.00,15962.00,109.00,1.00 ,
2011-07-21,Zenith Finance Limited,,5,112.00,110.00,110.00,96.00,10704.00,110.00,0.00 ,
2011-07-24,Zenith Finance Limited,,3,110.00,110.00,110.00,108.00,11880.00,110.00,0.00 ,
2011-07-25,Valley Finance Limited,,2,108.00,106.00,108.00,30.00,3220.00,108.00,0.00 ,
2011-07-26,Valley Finance Limited,,32,109.00,107.00,109.00,840.00,91320.00,108.00,1.00 ,
2011-07-27,Zenith Finance Limited,,3,112.00,110.00,110.00,68.00,7576.00,110.00,0.00 ,
2011-07-28,Zenith Finance Limited,,5,108.00,106.00,108.00,94.00,10056.00,110.00,-2.00 ,
2011-07-31,Zenith Finance Limited,,30,106.00,105.00,106.00,672.00,71064.00,108.00,-2.00 ,
2011-08-01,Zenith Finance Limited,,6,104.00,104.00,104.00,360.00,37440.00,106.00,-2.00 ,
2011-08-02,Zenith Finance Limited,,24,105.00,100.00,104.00,1120.00,114136.00,104.00,0.00 ,
2011-08-03,Zenith Finance Limited,,25,110.00,104.00,106.00,396.00,41748.00,104.00,2.00 ,
2011-08-04,Zenith Finance Limited,,24,105.00,102.00,102.00,300.00,31116.00,106.00,-4.00 ,
2011-08-07,Zenith Finance Limited,,4,107.00,104.00,107.00,72.00,7536.00,102.00,5.00 ,
2011-08-08,Zenith Finance Limited,,22,107.00,103.00,105.00,480.00,49872.00,107.00,-2.00 ,
2011-08-09,Zenith Finance Limited,,5,109.00,105.00,107.00,144.00,15384.00,105.00,2.00 ,
2011-08-10,Valley Finance Limited,,5,108.00,108.00,108.00,60.00,6480.00,108.00,0.00 ,
2011-08-11,Zenith Finance Limited,,57,105.00,103.00,104.00,1472.00,154256.00,107.00,-3.00 ,
2011-08-15,Zenith Finance Limited,,11,106.00,104.00,106.00,144.00,15048.00,104.00,2.00 ,
2011-08-16,Zenith Finance Limited,,21,112.00,106.00,112.00,784.00,86008.00,106.00,6.00 ,
2011-08-17,Zenith Finance Limited,,8,110.00,102.00,102.00,204.00,21432.00,112.00,-10.00 ,
2011-08-18,Zenith Finance Limited,,12,105.00,101.00,104.00,324.00,33456.00,102.00,2.00 ,
2011-08-22,Zenith Finance Limited,,6,102.00,99.00,99.00,168.00,16692.00,104.00,-5.00 ,
2011-08-23,Zenith Finance Limited,,13,99.00,98.00,99.00,168.00,16608.00,99.00,0.00 ,
2011-08-24,Zenith Finance Limited,,15,102.00,100.00,101.00,286.00,28992.00,99.00,2.00 ,
2011-08-25,Zenith Finance Limited,,20,102.00,100.00,100.00,240.00,24264.00,101.00,-1.00 ,
2011-08-28,Zenith Finance Limited,,17,102.00,100.00,102.00,456.00,45672.00,100.00,2.00 ,
2011-08-29,Valley Finance Limited,,70,110.00,108.00,110.00,700.00,75630.00,108.00,2.00 ,
2011-08-30,Zenith Finance Limited,,4,108.00,104.00,108.00,636.00,68544.00,102.00,6.00 ,
2011-09-01,Zenith Finance Limited,,6,106.00,105.00,105.00,132.00,13980.00,108.00,-3.00 ,
2011-09-04,Zenith Finance Limited,,16,103.00,100.00,100.00,498.00,50678.00,105.00,-5.00 ,
2011-09-05,Zenith Finance Limited,,30,102.00,100.00,100.00,1088.00,110496.00,100.00,0.00 ,
2011-09-06,Zenith Finance Limited,,16,103.00,100.00,101.00,360.00,36720.00,100.00,1.00 ,
2011-09-07,Zenith Finance Limited,,11,103.00,101.00,103.00,324.00,32796.00,101.00,2.00 ,
2011-09-08,Zenith Finance Limited,,36,103.00,101.00,101.00,660.00,67836.00,103.00,-2.00 ,
2011-09-12,Zenith Finance Limited,,23,104.00,100.00,104.00,582.00,58596.00,101.00,3.00 ,
2011-09-13,Zenith Finance Limited,,47,102.00,98.00,100.00,3720.00,372096.00,104.00,-4.00 ,
2011-09-14,Zenith Finance Limited,,4,100.00,98.00,98.00,68.00,6700.00,100.00,-2.00 ,
2011-09-15,Zenith Finance Limited,,19,100.00,96.00,100.00,418.00,40552.00,98.00,2.00 ,
2011-09-18,Zenith Finance Limited,,4,101.00,99.00,100.00,158.00,15774.00,100.00,0.00 ,
2011-09-19,Zenith Finance Limited,,10,102.00,99.00,102.00,214.00,21486.00,100.00,2.00 ,
2011-09-20,Zenith Finance Limited,,163,105.00,101.00,105.00,2270.00,233170.00,102.00,3.00 ,
2011-09-21,Zenith Finance Limited,,6,103.00,98.00,98.00,222.00,22308.00,105.00,-7.00 ,
2011-09-22,Zenith Finance Limited,,27,99.00,97.00,99.00,774.00,75222.00,98.00,1.00 ,
2011-09-25,Zenith Finance Limited,,24,101.00,99.00,99.00,524.00,52188.00,99.00,0.00 ,
2011-09-26,Zenith Finance Limited,,24,100.00,99.00,100.00,328.00,32776.00,99.00,1.00 ,
2011-09-27,Zenith Finance Limited,,10,100.00,98.00,100.00,144.00,14352.00,100.00,0.00 ,
2011-09-29,Zenith Finance Limited,,35,104.00,100.00,104.00,532.00,54652.00,100.00,4.00 ,
2011-10-02,Valley Finance Limited,,2,108.00,108.00,108.00,20.00,2160.00,110.00,-2.00 ,
2011-10-09,Zenith Finance Limited,,1,106.00,106.00,106.00,120.00,12720.00,104.00,2.00 ,
2011-10-10,Zenith Finance Limited,,55,110.00,108.00,108.00,998.00,109016.00,106.00,2.00 ,
2011-10-12,Zenith Finance Limited,,17,107.00,106.00,107.00,404.00,43208.00,108.00,-1.00 ,
2011-10-13,Zenith Finance Limited,,64,109.00,106.00,109.00,784.00,83980.00,107.00,2.00 ,
2011-10-16,Zenith Finance Limited,,21,109.00,105.00,108.00,300.00,32304.00,109.00,-1.00 ,
2011-10-17,Zenith Finance Limited,,22,107.00,103.00,103.00,342.00,36294.00,108.00,-5.00 ,
2011-10-18,Zenith Finance Limited,,114,108.00,103.00,108.00,1524.00,160164.00,103.00,5.00 ,
2011-10-19,Zenith Finance Limited,,6,106.00,104.00,106.00,92.00,9704.00,108.00,-2.00 ,
2011-10-20,Zenith Finance Limited,,6,105.00,103.00,103.00,918.00,94634.00,106.00,-3.00 ,
2011-10-23,Zenith Finance Limited,,24,109.00,105.00,108.00,1148.00,122808.00,103.00,5.00 ,
2011-10-24,Zenith Finance Limited,,20,107.00,104.00,107.00,304.00,31964.00,108.00,-1.00 ,
2011-10-25,Zenith Finance Limited,,7,105.00,103.00,105.00,546.00,56994.00,107.00,-2.00 ,
2011-10-30,Zenith Finance Limited,,16,105.00,105.00,105.00,324.00,34020.00,105.00,0.00 ,
2011-10-31,Valley Finance Limited,,1,105.00,105.00,105.00,10.00,1050.00,103.00,2.00 ,
2011-11-02,Zenith Finance Limited,,1,107.00,107.00,107.00,167.00,17869.00,105.00,2.00 ,
2011-11-03,Zenith Finance Limited,,7,105.00,103.00,103.00,1420.00,146500.00,107.00,-4.00 ,
2011-11-06,Zenith Finance Limited,,36,107.00,105.00,107.00,514.00,54474.00,103.00,4.00 ,
2011-11-08,Zenith Finance Limited,,15,105.00,103.00,105.00,248.00,25828.00,107.00,-2.00 ,
2011-11-09,Zenith Finance Limited,,25,107.00,105.00,107.00,478.00,50658.00,105.00,2.00 ,
2011-11-10,Zenith Finance Limited,,26,106.00,102.00,106.00,916.00,95018.00,107.00,-1.00 ,
2011-11-13,Zenith Finance Limited,,51,108.00,103.00,105.00,836.00,88010.00,106.00,-1.00 ,
2011-11-14,Zenith Finance Limited,,39,106.00,102.00,106.00,652.00,68372.00,105.00,1.00 ,
2011-11-15,Zenith Finance Limited,,5,108.00,107.00,107.00,252.00,27072.00,106.00,1.00 ,
2011-11-16,Zenith Finance Limited,,78,109.00,106.00,106.00,2426.00,259454.00,107.00,-1.00 ,
2011-11-17,Zenith Finance Limited,,47,110.00,106.00,106.00,978.00,105252.00,106.00,0.00 ,
2011-11-20,Zenith Finance Limited,,216,107.00,102.00,105.00,7528.00,781570.00,106.00,-1.00 ,
2011-11-21,Zenith Finance Limited,,158,107.00,102.00,104.00,3436.00,359174.00,105.00,-1.00 ,
2011-11-22,Zenith Finance Limited,,126,109.00,104.00,105.00,3528.00,377494.00,104.00,1.00 ,
2011-11-23,Zenith Finance Limited,,135,108.00,102.00,108.00,3107.00,325660.00,105.00,3.00 ,
2011-11-24,Zenith Finance Limited,,25,115.00,104.00,115.00,664.00,72248.00,108.00,7.00 ,
2011-11-27,Western Development Bank Limited,,1,104.00,104.00,104.00,10.00,1040.00,104.00,0.00 ,
2011-11-28,Union Finance Co. Ltd.,,1,181.00,181.00,181.00,10.00,1810.00,173.00,8.00 ,
2011-11-29,Zenith Finance Limited,,2,113.00,111.00,111.00,30.00,3370.00,115.00,-4.00 ,
2011-11-30,Western Development Bank Limited,,5,102.00,102.00,102.00,50.00,5100.00,102.00,0.00 ,
2011-12-01,Valley Finance Limited,,16,102.00,100.00,101.00,220.00,22040.00,104.00,-3.00 ,
2011-12-04,United Finance Ltd.,UFL,1,136.00,136.00,136.00,60.00,8160.00,135.00,1.00 ,Finance
2011-12-05,Western Development Bank Limited,,4,102.00,100.00,102.00,40.00,4060.00,102.00,0.00 ,
2011-12-06,Western Development Bank Limited,,2,104.00,103.00,103.00,40.00,4150.00,102.00,1.00 ,
2011-12-07,Western Development Bank Limited,,2,102.00,102.00,102.00,80.00,8160.00,103.00,-1.00 ,
2011-12-08,Zenith Finance Limited,,40,109.00,101.00,102.00,496.00,50854.00,111.00,-9.00 ,
2011-12-11,Zenith Finance Limited,,37,102.00,100.00,100.00,468.00,47508.00,102.00,-2.00 ,
2011-12-12,Zenith Finance Limited,,6,99.00,97.00,98.00,214.00,21000.00,100.00,-2.00 ,
2011-12-13,Zenith Finance Limited,,44,102.00,97.00,99.00,1392.00,138216.00,98.00,1.00 ,
2011-12-14,Zenith Finance Limited,,4,100.00,98.00,98.00,252.00,25024.00,99.00,-1.00 ,
2011-12-15,Zenith Finance Limited,,16,100.00,96.00,100.00,222.00,21678.00,98.00,2.00 ,
2011-12-18,Zenith Finance Limited,,10,102.00,100.00,102.00,804.00,81525.00,100.00,2.00 ,
2011-12-19,Zenith Finance Limited,,1,102.00,102.00,102.00,12.00,1224.00,102.00,0.00 ,
2011-12-20,Zenith Finance Limited,,3,102.00,102.00,102.00,60.00,6120.00,102.00,0.00 ,
2011-12-21,Zenith Finance Limited,,9,104.00,97.00,98.00,124.00,12356.00,102.00,-4.00 ,
2011-12-22,Western Development Bank Limited,,39,99.00,94.00,99.00,624.00,61140.00,93.00,6.00 ,
2011-12-26,Zenith Finance Limited,,1,99.00,99.00,99.00,68.00,6732.00,98.00,1.00 ,
2011-12-27,Zenith Finance Limited,,34,103.00,100.00,103.00,632.00,64380.00,99.00,4.00 ,
2011-12-28,Zenith Finance Limited,,29,107.00,104.00,104.00,1188.00,125576.00,103.00,1.00 ,
2011-12-29,Zenith Finance Limited,,95,106.00,104.00,106.00,2971.00,311807.00,104.00,2.00 ,
2012-01-01,Zenith Finance Limited,,19,107.00,105.00,105.00,1356.00,142712.00,106.00,-1.00 ,
2012-01-02,Zenith Finance Limited,,8,107.00,105.00,106.00,168.00,17784.00,105.00,1.00 ,
2012-01-03,Zenith Finance Limited,,10,105.00,104.00,104.00,124.00,12968.00,106.00,-2.00 ,
2012-01-04,Zenith Finance Limited,,26,105.00,105.00,105.00,572.00,60060.00,104.00,1.00 ,
2012-01-05,Zenith Finance Limited,,19,106.00,105.00,106.00,644.00,67700.00,105.00,1.00 ,
2012-01-08,Zenith Finance Limited,,27,107.00,105.00,105.00,700.00,73952.00,106.00,-1.00 ,
2012-01-09,Zenith Finance Limited,,9,105.00,103.00,103.00,224.00,23436.00,105.00,-2.00 ,
2012-01-10,Zenith Finance Limited,,17,105.00,105.00,105.00,462.00,48510.00,103.00,2.00 ,
2012-01-11,Zenith Finance Limited,,14,108.00,104.00,104.00,1050.00,109772.00,105.00,-1.00 ,
2012-01-12,Zenith Finance Limited,,18,103.00,101.00,103.00,276.00,28236.00,104.00,-1.00 ,
2012-01-16,Zenith Finance Limited,,5,102.00,100.00,102.00,170.00,17242.00,103.00,-1.00 ,
2012-01-17,Zenith Finance Limited,,15,101.00,100.00,101.00,382.00,38536.00,102.00,-1.00 ,
2012-01-18,Zenith Finance Limited,,6,102.00,100.00,100.00,188.00,19066.00,101.00,-1.00 ,
2012-01-19,Zenith Finance Limited,,2,100.00,100.00,100.00,72.00,7200.00,100.00,0.00 ,
2012-01-22,Zenith Finance Limited,,21,101.00,100.00,100.00,308.00,31024.00,100.00,0.00 ,
2012-01-23,Zenith Finance Limited,,47,104.00,101.00,102.00,1682.00,173630.00,100.00,2.00 ,
2012-01-25,Zenith Finance Limited,,16,104.00,103.00,103.00,214.00,22102.00,102.00,1.00 ,
2012-01-26,Zenith Finance Limited,,29,104.00,102.00,103.00,746.00,76676.00,103.00,0.00 ,
2012-01-29,Zenith Finance Limited,,37,107.00,104.00,104.00,492.00,51644.00,103.00,1.00 ,
2012-01-31,Zenith Finance Limited,,51,105.00,102.00,102.00,1178.00,121778.00,104.00,-2.00 ,
2012-02-01,Zenith Finance Limited,,4,102.00,100.00,102.00,220.00,22248.00,102.00,0.00 ,
2012-02-02,Zenith Finance Limited,,4,102.00,100.00,100.00,84.00,8496.00,102.00,-2.00 ,
2012-02-05,Zenith Finance Limited,,21,103.00,100.00,101.00,416.00,41912.00,100.00,1.00 ,
2012-02-06,Zenith Finance Limited,,18,103.00,98.00,99.00,368.00,37066.00,101.00,-2.00 ,
2012-02-07,Zenith Finance Limited,,3,99.00,98.00,98.00,68.00,6720.00,99.00,-1.00 ,
2012-02-08,Zenith Finance Limited,,2,97.00,97.00,97.00,20.00,1940.00,98.00,-1.00 ,
2012-02-09,Zenith Finance Limited,,46,99.00,98.00,99.00,588.00,58152.00,97.00,2.00 ,
2012-02-12,Zenith Finance Limited,,6,100.00,99.00,100.00,108.00,10716.00,99.00,1.00 ,
2012-02-13,Zenith Finance Limited,,5,100.00,97.00,98.00,108.00,10596.00,100.00,-2.00 ,
2012-02-14,Zenith Finance Limited,,5,99.00,99.00,99.00,72.00,7128.00,98.00,1.00 ,
2012-02-15,Zenith Finance Limited,,8,100.00,99.00,100.00,195.00,19413.00,99.00,1.00 ,
2012-02-16,Zenith Finance Limited,,14,100.00,98.00,100.00,284.00,28092.00,100.00,0.00 ,
2012-02-21,Zenith Finance Limited,,33,100.00,97.00,99.00,1182.00,116942.00,100.00,-1.00 ,
2012-02-23,Zenith Finance Limited,,2,99.00,99.00,99.00,36.00,3564.00,99.00,0.00 ,
2012-02-26,Zenith Finance Limited,,16,99.00,99.00,99.00,404.00,39996.00,99.00,0.00 ,
2012-02-27,Zenith Finance Limited,,21,99.00,99.00,99.00,288.00,28512.00,99.00,0.00 ,
2012-02-28,Zenith Finance Limited,,7,99.00,99.00,99.00,168.00,16632.00,99.00,0.00 ,
2012-02-29,Zenith Finance Limited,,11,99.00,98.00,99.00,194.00,19122.00,99.00,0.00 ,
2012-03-01,Western Development Bank Limited,,6,91.00,90.00,90.00,80.00,7228.00,89.00,1.00 ,
2012-03-04,Zenith Finance Limited,,17,100.00,96.00,96.00,342.00,33732.00,99.00,-3.00 ,
2012-03-05,Zenith Finance Limited,,7,96.00,95.00,96.00,216.00,20604.00,96.00,0.00 ,
2012-03-06,Zenith Finance Limited,,3,96.00,95.00,95.00,84.00,7992.00,96.00,-1.00 ,
2012-03-11,Zenith Finance Limited,,4,96.00,96.00,96.00,79.00,7584.00,95.00,1.00 ,
2012-03-12,Zenith Finance Limited,,3,97.00,96.00,96.00,68.00,6572.00,96.00,0.00 ,
2012-03-13,Zenith Finance Limited,,2,96.00,95.00,95.00,264.00,25212.00,96.00,-1.00 ,
2012-03-14,Zenith Finance Limited,,11,98.00,95.00,98.00,496.00,47856.00,95.00,3.00 ,
2012-03-15,Zenith Finance Limited,,1,99.00,99.00,99.00,100.00,9900.00,98.00,1.00 ,
2012-03-19,Zenith Finance Limited,,20,99.00,98.00,98.00,274.00,26994.00,97.00,1.00 ,
2012-03-20,Zenith Finance Limited,,3,99.00,97.00,99.00,282.00,27688.00,98.00,1.00 ,
2012-03-21,Zenith Finance Limited,,2,98.00,98.00,98.00,24.00,2352.00,99.00,-1.00 ,
2012-03-25,Zenith Finance Limited,,2,97.00,97.00,97.00,136.00,13192.00,98.00,-1.00 ,
2012-03-26,Zenith Finance Limited,,2,97.00,96.00,97.00,606.00,58242.00,97.00,0.00 ,
2012-03-27,Zenith Finance Limited,,5,97.00,96.00,97.00,494.00,47534.00,97.00,0.00 ,
2012-03-28,Zenith Finance Limited,,3,99.00,98.00,99.00,54.00,5302.00,97.00,2.00 ,
2012-03-29,Zenith Finance Limited,,7,98.00,97.00,97.00,258.00,25050.00,99.00,-2.00 ,
2012-04-01,Western Development Bank Limited,,14,98.00,94.00,98.00,392.00,37652.00,94.00,4.00 ,
2012-04-02,Zenith Finance Limited,,12,99.00,98.00,99.00,154.00,15224.00,97.00,2.00 ,
2012-04-03,Zenith Finance Limited,,3,98.00,97.00,97.00,46.00,4484.00,99.00,-2.00 ,
2012-04-04,Zenith Finance Limited,,9,98.00,96.00,98.00,968.00,94624.00,97.00,1.00 ,
2012-04-05,Western Development Bank Limited,,22,102.00,101.00,102.00,286.00,29152.00,103.00,-1.00 ,
2012-04-08,Western Development Bank Limited,,18,104.00,98.00,100.00,468.00,47136.00,102.00,-2.00 ,
2012-04-09,Zenith Finance Limited,,15,97.00,95.00,96.00,596.00,57208.00,98.00,-2.00 ,
2012-04-10,Zenith Finance Limited,,23,98.00,96.00,97.00,300.00,29112.00,96.00,1.00 ,
2012-04-11,Zenith Finance Limited,,2,98.00,98.00,98.00,24.00,2352.00,97.00,1.00 ,
2012-04-12,Western Development Bank Limited,,4,106.00,103.00,106.00,48.00,5004.00,102.00,4.00 ,
2012-04-15,Western Development Bank Limited,,3,112.00,108.00,112.00,52.00,5744.00,106.00,6.00 ,
2012-04-16,Western Development Bank Limited,,1,114.00,114.00,114.00,24.00,2736.00,112.00,2.00 ,
2012-04-17,Unique Finance Ltd.,,1,91.00,91.00,91.00,10.00,910.00,90.00,1.00 ,
2012-04-18,Western Development Bank Limited,,16,114.00,110.00,111.00,560.00,62984.00,114.00,-3.00 ,
2012-04-19,Zenith Finance Limited,,3,102.00,99.00,102.00,30.00,3010.00,98.00,4.00 ,
2012-04-22,Zenith Finance Limited,,9,110.00,104.00,110.00,172.00,18224.00,102.00,8.00 ,
2012-04-24,Zenith Finance Limited,,3,116.00,112.00,116.00,36.00,4104.00,110.00,6.00 ,
2012-04-25,Unique Finance Ltd.,,1,108.00,108.00,108.00,100.00,10800.00,108.00,0.00 ,
2012-04-26,Zenith Finance Limited,,1,118.00,118.00,118.00,12.00,1416.00,116.00,2.00 ,
2012-04-29,Valley Finance Limited,,2,98.00,98.00,98.00,40.00,3920.00,94.00,4.00 ,
2012-04-30,Zenith Finance Limited,,2,118.00,118.00,118.00,34.00,4012.00,118.00,0.00 ,
2012-05-02,Western Development Bank Limited,,1,112.00,112.00,112.00,72.00,8064.00,113.00,-1.00 ,
2012-05-03,Triveni Bikas Bank Limited,,1,193.00,193.00,193.00,46.00,8878.00,190.00,3.00 ,
2012-05-07,Western Development Bank Limited,,1,114.00,114.00,114.00,10.00,1140.00,112.00,2.00 ,
2012-05-08,Yeti Finance Ltd.,,3,240.00,240.00,240.00,2162.00,518880.00,240.00,0.00 ,
2012-05-09,Zenith Finance Limited,,1,116.00,116.00,116.00,100.00,11600.00,118.00,-2.00 ,
2012-05-10,Zenith Finance Limited,,10,116.00,110.00,110.00,332.00,37884.00,116.00,-6.00 ,
2012-05-13,Western Development Bank Limited,,1,108.00,108.00,108.00,12.00,1296.00,110.00,-2.00 ,
2012-05-14,Zenith Finance Limited,,1,110.00,110.00,110.00,24.00,2640.00,110.00,0.00 ,
2012-05-15,Tinau Development Bank Limited,,2,105.00,103.00,105.00,40.00,4160.00,101.00,4.00 ,
2012-05-16,Zenith Finance Limited,,6,110.00,108.00,110.00,268.00,29144.00,110.00,0.00 ,
2012-05-17,Valley Finance Limited,,1,100.00,100.00,100.00,100.00,10000.00,102.00,-2.00 ,
2012-05-20,Zenith Finance Limited,,2,110.00,108.00,108.00,36.00,3936.00,110.00,-2.00 ,
2012-05-21,Western Development Bank Limited,,7,103.00,101.00,101.00,202.00,20652.00,104.00,-3.00 ,
2012-05-22,Zenith Finance Limited,,1,106.00,106.00,106.00,10.00,1060.00,108.00,-2.00 ,
2012-05-23,Zenith Finance Limited,,1,104.00,104.00,104.00,24.00,2496.00,106.00,-2.00 ,
2012-05-24,Zenith Finance Limited,,11,102.00,97.00,98.00,316.00,31106.00,104.00,-6.00 ,
2012-05-27,Zenith Finance Limited,,12,97.00,95.00,96.00,360.00,34418.00,98.00,-2.00 ,
2012-05-29,Zenith Finance Limited,,35,95.00,91.00,92.00,1297.00,121033.00,96.00,-4.00 ,
2012-05-30,Zenith Finance Limited,,12,92.00,90.00,91.00,460.00,41972.00,92.00,-1.00 ,
2012-05-31,Zenith Finance Limited,,3,91.00,90.00,91.00,154.00,13926.00,91.00,0.00 ,
2012-06-03,Zenith Finance Limited,,6,93.00,92.00,93.00,120.00,11112.00,91.00,2.00 ,
2012-06-04,Zenith Finance Limited,,2,95.00,94.00,95.00,46.00,4346.00,93.00,2.00 ,
2012-06-05,Zenith Finance Limited,,12,94.00,90.00,91.00,452.00,41652.00,95.00,-4.00 ,
2012-06-06,Zenith Finance Limited,,35,94.00,91.00,93.00,1068.00,98638.00,91.00,2.00 ,
2012-06-07,Zenith Finance Limited,,4,92.00,91.00,92.00,2200.00,200486.00,93.00,-1.00 ,
2012-06-10,Zenith Finance Limited,,31,98.00,93.00,98.00,1010.00,96890.00,92.00,6.00 ,
2012-06-11,Zenith Finance Limited,,6,99.00,97.00,98.00,2184.00,215992.00,98.00,0.00 ,
2012-06-12,Zenith Finance Limited,,13,99.00,96.00,96.00,312.00,30640.00,98.00,-2.00 ,
2012-06-13,Zenith Finance Limited,,13,98.00,94.00,98.00,348.00,33528.00,96.00,2.00 ,
2012-06-14,Zenith Finance Limited,,8,98.00,95.00,96.00,242.00,23428.00,98.00,-2.00 ,
2012-06-17,Zenith Finance Limited,,16,98.00,96.00,97.00,606.00,58768.00,96.00,1.00 ,
2012-06-18,Zenith Finance Limited,,6,97.00,95.00,95.00,148.00,14172.00,97.00,-2.00 ,
2012-06-19,Zenith Finance Limited,,10,99.00,95.00,99.00,686.00,66012.00,95.00,4.00 ,
2012-06-20,Zenith Finance Limited,,6,100.00,96.00,97.00,144.00,14256.00,99.00,-2.00 ,
2012-06-21,Zenith Finance Limited,,29,100.00,96.00,100.00,3038.00,302840.00,97.00,3.00 ,
2012-06-25,Zenith Finance Limited,,10,99.00,98.00,98.00,620.00,61124.00,100.00,-2.00 ,
2012-06-26,Zenith Finance Limited,,2,98.00,97.00,97.00,136.00,13228.00,98.00,-1.00 ,
2012-06-27,Zenith Finance Limited,,2,96.00,96.00,96.00,48.00,4608.00,97.00,-1.00 ,
2012-06-28,Zenith Finance Limited,,3,96.00,95.00,96.00,36.00,3432.00,96.00,0.00 ,
2012-07-01,Zenith Finance Limited,,36,96.00,94.00,94.00,540.00,51532.00,96.00,-2.00 ,
2012-07-02,Zenith Finance Limited,,5,94.00,94.00,94.00,272.00,25568.00,94.00,0.00 ,
2012-07-03,Zenith Finance Limited,,9,94.00,92.00,94.00,164.00,15264.00,94.00,0.00 ,
2012-07-04,Zenith Finance Limited,,2,94.00,93.00,93.00,46.00,4314.00,94.00,-1.00 ,
2012-07-05,Western Development Bank Limited,,6,96.00,95.00,95.00,168.00,16104.00,95.00,0.00 ,
2012-07-08,Zenith Finance Limited,,4,93.00,92.00,93.00,78.00,7220.00,93.00,0.00 ,
2012-07-09,Zenith Finance Limited,,11,93.00,91.00,93.00,338.00,31212.00,93.00,0.00 ,
2012-07-10,Zenith Finance Limited,,2,93.00,92.00,92.00,48.00,4452.00,93.00,-1.00 ,
2012-07-11,Zenith Finance Limited,,6,93.00,92.00,93.00,270.00,24864.00,92.00,1.00 ,
2012-07-12,Zenith Finance Limited,,6,95.00,93.00,95.00,162.00,15228.00,93.00,2.00 ,
2012-07-15,Zenith Finance Limited,,9,100.00,96.00,100.00,120.00,11760.00,95.00,5.00 ,
2012-07-16,Western Development Bank Limited,,2,94.00,93.00,94.00,36.00,3372.00,94.00,0.00 ,
2012-07-17,Zenith Finance Limited,,6,98.00,96.00,96.00,214.00,20712.00,100.00,-4.00 ,
2012-07-18,Zenith Finance Limited,,34,96.00,95.00,96.00,1464.00,140488.00,96.00,0.00 ,
2012-07-19,Zenith Finance Limited,,1,95.00,95.00,95.00,244.00,23180.00,96.00,-1.00 ,
2012-07-22,Zenith Finance Limited,,3,97.00,96.00,96.00,186.00,17866.00,95.00,1.00 ,
2012-07-23,Western Development Bank Limited,,3,95.00,95.00,95.00,36.00,3420.00,94.00,1.00 ,
2012-07-24,Zenith Finance Limited,,1,95.00,95.00,95.00,10.00,950.00,96.00,-1.00 ,
2012-07-25,Zenith Finance Limited,,24,95.00,91.00,94.00,492.00,45830.00,95.00,-1.00 ,
2012-07-26,Zenith Finance Limited,,9,93.00,92.00,92.00,232.00,21488.00,94.00,-2.00 ,
2012-07-29,Zenith Finance Limited,,11,92.00,91.00,92.00,362.00,33124.00,92.00,0.00 ,
2012-07-30,Zenith Finance Limited,,4,93.00,93.00,93.00,48.00,4464.00,92.00,1.00 ,
2012-07-31,Zenith Finance Limited,,1,94.00,94.00,94.00,22.00,2068.00,93.00,1.00 ,
2012-08-01,Zenith Finance Limited,,6,95.00,93.00,94.00,270.00,25190.00,94.00,0.00 ,
2012-08-05,Zenith Finance Limited,,17,98.00,94.00,96.00,984.00,93324.00,94.00,2.00 ,
2012-08-06,Zenith Finance Limited,,10,99.00,97.00,97.00,196.00,19152.00,96.00,1.00 ,
2012-08-07,Zenith Finance Limited,,23,100.00,97.00,97.00,858.00,84406.00,97.00,0.00 ,
2012-08-08,Zenith Finance Limited,,4,97.00,96.00,96.00,360.00,34884.00,97.00,-1.00 ,
2012-08-12,Zenith Finance Limited,,2,96.00,95.00,96.00,32.00,3060.00,96.00,0.00 ,
2012-08-13,Zenith Finance Limited,,9,97.00,96.00,96.00,308.00,29744.00,96.00,0.00 ,
2012-08-14,Zenith Finance Limited,,1,97.00,97.00,97.00,66.00,6402.00,96.00,1.00 ,
2012-08-15,Zenith Finance Limited,,2,97.00,97.00,97.00,76.00,7372.00,97.00,0.00 ,
2012-08-16,Western Development Bank Limited,,2,100.00,100.00,100.00,170.00,17000.00,99.00,1.00 ,
2012-08-19,Zenith Finance Limited,,9,96.00,93.00,94.00,726.00,68352.00,97.00,-3.00 ,
2012-08-21,Zenith Finance Limited,,8,93.00,93.00,93.00,592.00,55056.00,94.00,-1.00 ,
2012-08-22,Zenith Finance Limited,,9,94.00,92.00,92.00,360.00,33468.00,93.00,-1.00 ,
2012-08-23,Zenith Finance Limited,,5,94.00,93.00,93.00,689.00,64532.00,92.00,1.00 ,
2012-08-26,Zenith Finance Limited,,10,94.00,93.00,94.00,130.00,12136.00,93.00,1.00 ,
2012-08-27,Zenith Finance Limited,,8,95.00,93.00,94.00,186.00,17546.00,94.00,0.00 ,
2012-08-28,Zenith Finance Limited,,3,95.00,95.00,95.00,108.00,10260.00,94.00,1.00 ,
2012-08-29,Yeti Finance Ltd.,,1,225.00,225.00,225.00,500.00,112500.00,232.00,-7.00 ,
2012-08-30,Zenith Finance Limited,,7,96.00,95.00,95.00,384.00,36548.00,95.00,0.00 ,
2012-09-02,Zenith Finance Limited,,3,96.00,96.00,96.00,88.00,8448.00,95.00,1.00 ,
2012-09-03,Western Development Bank Limited,,21,99.00,97.00,98.00,276.00,27072.00,98.00,0.00 ,
2012-09-04,Zenith Finance Limited,,10,97.00,95.00,95.00,210.00,20102.00,96.00,-1.00 ,
2012-09-05,Zenith Finance Limited,,3,95.00,95.00,95.00,144.00,13680.00,95.00,0.00 ,
2012-09-06,Zenith Finance Limited,,25,95.00,93.00,95.00,426.00,40088.00,95.00,0.00 ,
2012-09-09,Zenith Finance Limited,,5,96.00,95.00,95.00,92.00,8764.00,95.00,0.00 ,
2012-09-10,Zenith Finance Limited,,12,95.00,93.00,95.00,640.00,60138.00,95.00,0.00 ,
2012-09-11,Zenith Finance Limited,,5,94.00,92.00,92.00,398.00,37266.00,95.00,-3.00 ,
2012-09-12,Zenith Finance Limited,,47,95.00,92.00,94.00,754.00,70730.00,92.00,2.00 ,
2012-09-13,Zenith Finance Limited,,3,95.00,94.00,95.00,108.00,10224.00,94.00,1.00 ,
2012-09-16,Western Development Bank Limited,,4,94.00,94.00,94.00,56.00,5264.00,95.00,-1.00 ,
2012-09-17,Zenith Finance Limited,,6,98.00,96.00,98.00,288.00,28080.00,95.00,3.00 ,
2012-09-18,Western Development Bank Limited,,1,95.00,95.00,95.00,12.00,1140.00,94.00,1.00 ,
2012-09-19,Zenith Finance Limited,,6,98.00,96.00,98.00,140.00,13582.00,98.00,0.00 ,
2012-09-20,Western Development Bank Limited,,21,97.00,96.00,97.00,252.00,24204.00,95.00,2.00 ,
2012-09-23,Zenith Finance Limited,,6,98.00,97.00,97.00,158.00,15396.00,98.00,-1.00 ,
2012-09-24,Valley Finance Limited,,2,78.00,78.00,78.00,20.00,1560.00,78.00,0.00 ,
2012-09-25,Western Development Bank Limited,,6,95.00,93.00,95.00,80.00,7524.00,94.00,1.00 ,
2012-09-26,Zenith Finance Limited,,27,97.00,95.00,95.00,540.00,51876.00,97.00,-2.00 ,
2012-09-27,Zenith Finance Limited,,2,95.00,95.00,95.00,44.00,4180.00,95.00,0.00 ,
2012-09-30,Zenith Finance Limited,,17,97.00,96.00,96.00,924.00,89052.00,95.00,1.00 ,
2012-10-01,Zenith Finance Limited,,6,96.00,96.00,96.00,226.00,21696.00,96.00,0.00 ,
2012-10-02,Zenith Finance Limited,,2,96.00,96.00,96.00,40.00,3840.00,96.00,0.00 ,
2012-10-03,Zenith Finance Limited,,3,97.00,97.00,97.00,602.00,58394.00,96.00,1.00 ,
2012-10-04,Zenith Finance Limited,,5,96.00,95.00,96.00,220.00,21020.00,97.00,-1.00 ,
2012-10-07,Zenith Finance Limited,,4,96.00,95.00,96.00,108.00,10332.00,96.00,0.00 ,
2012-10-08,Zenith Finance Limited,,4,98.00,97.00,98.00,84.00,8172.00,96.00,2.00 ,
2012-10-09,Zenith Finance Limited,,4,98.00,97.00,98.00,84.00,8208.00,98.00,0.00 ,
2012-10-10,Zenith Finance Limited,,8,99.00,98.00,98.00,200.00,19722.00,98.00,0.00 ,
2012-10-11,Zenith Finance Limited,,40,107.00,99.00,103.00,1048.00,107208.00,98.00,5.00 ,
2012-10-14,Zenith Finance Limited,,22,106.00,101.00,101.00,996.00,102364.00,103.00,-2.00 ,
2012-10-15,Zenith Finance Limited,,21,103.00,99.00,103.00,572.00,58330.00,101.00,2.00 ,
2012-10-17,Zenith Finance Limited,,9,103.00,101.00,101.00,148.00,15092.00,103.00,-2.00 ,
2012-10-18,Zenith Finance Limited,,4,102.00,102.00,102.00,346.00,35292.00,101.00,1.00 ,
2012-10-30,Western Development Bank Limited,,35,96.00,95.00,96.00,420.00,39972.00,94.00,2.00 ,
2012-10-31,Yeti Finance Ltd.,,11,191.00,182.00,182.00,1048.00,196643.00,194.00,-12.00 ,
2012-11-01,Zenith Finance Limited,,2,101.00,101.00,101.00,88.00,8888.00,102.00,-1.00 ,
2012-11-04,Zenith Finance Limited,,3,101.00,101.00,101.00,66.00,6666.00,101.00,0.00 ,
2012-11-05,Western Development Bank Limited,,3,97.00,95.00,95.00,144.00,13908.00,96.00,-1.00 ,
2012-11-06,Zenith Finance Limited,,5,104.00,101.00,104.00,470.00,47550.00,101.00,3.00 ,
2012-11-07,Zenith Finance Limited,,2,106.00,105.00,105.00,66.00,6952.00,104.00,1.00 ,
2012-11-08,Zenith Finance Limited,,4,109.00,107.00,107.00,144.00,15504.00,105.00,2.00 ,
2012-11-11,Yeti Finance Ltd.,,3,179.00,176.00,176.00,175.00,30830.00,182.00,-6.00 ,
2012-11-12,Zenith Finance Limited,,8,105.00,101.00,101.00,324.00,32916.00,107.00,-6.00 ,
2012-11-18,Zenith Finance Limited,,2,105.00,103.00,105.00,596.00,61480.00,101.00,4.00 ,
2012-11-20,Zenith Finance Limited,,16,108.00,104.00,105.00,1388.00,148308.00,105.00,0.00 ,
2012-11-21,Zenith Finance Limited,,2,103.00,102.00,102.00,88.00,9024.00,105.00,-3.00 ,
2012-11-22,Zenith Finance Limited,,2,102.00,102.00,102.00,56.00,5712.00,102.00,0.00 ,
2012-11-25,Zenith Finance Limited,,15,108.00,104.00,106.00,534.00,56552.00,102.00,4.00 ,
2012-11-26,Zenith Finance Limited,,15,105.00,103.00,103.00,1027.00,106241.00,106.00,-3.00 ,
2012-11-27,Zenith Finance Limited,,4,103.00,103.00,103.00,48.00,4944.00,103.00,0.00 ,
2012-11-28,Zenith Finance Limited,,2,103.00,101.00,103.00,78.00,7902.00,103.00,0.00 ,
2012-11-29,Yeti Finance Ltd.,,6,155.00,143.00,143.00,1033.00,155247.00,158.00,-15.00 ,
2012-12-02,Zenith Finance Limited,,5,105.00,105.00,105.00,140.00,14700.00,103.00,2.00 ,
2012-12-03,Zenith Finance Limited,,7,105.00,103.00,103.00,575.00,59495.00,105.00,-2.00 ,
2012-12-04,Zenith Finance Limited,,9,106.00,103.00,106.00,300.00,31578.00,103.00,3.00 ,
2012-12-05,Zenith Finance Limited,,1,107.00,107.00,107.00,50.00,5350.00,106.00,1.00 ,
2012-12-06,Zenith Finance Limited,,39,108.00,103.00,108.00,648.00,68300.00,107.00,1.00 ,
2012-12-09,Zenith Finance Limited,,1,106.00,106.00,106.00,34.00,3604.00,108.00,-2.00 ,
2012-12-10,Yeti Finance Ltd.,,6,127.00,125.00,125.00,1024.00,129768.00,127.00,-2.00 ,
2012-12-11,Yeti Finance Ltd.,,8,127.00,127.00,127.00,1456.00,184912.00,125.00,2.00 ,
2012-12-12,Yeti Finance Ltd.,,2,127.00,125.00,127.00,1497.00,187331.00,127.00,0.00 ,
2012-12-13,Zenith Finance Limited,,6,105.00,105.00,105.00,96.00,10080.00,106.00,-1.00 ,
2012-12-16,Yeti Finance Ltd.,,1,123.00,123.00,123.00,82.00,10086.00,125.00,-2.00 ,
2012-12-17,United Finance Ltd.,UFL,1,137.00,137.00,137.00,117.00,16029.00,135.00,2.00 ,Finance
2012-12-18,Yeti Finance Ltd.,,7,135.00,125.00,135.00,853.00,111865.00,123.00,12.00 ,
2012-12-19,Yeti Finance Ltd.,,4,143.00,137.00,143.00,92.00,12940.00,135.00,8.00 ,
2012-12-20,Yeti Finance Ltd.,,10,157.00,145.00,157.00,3710.00,573861.00,143.00,14.00 ,
2012-12-23,Yeti Finance Ltd.,,1,140.00,140.00,140.00,2822.00,395080.00,157.00,-17.00 ,
2012-12-24,Western Development Bank Limited,,2,86.00,86.00,86.00,24.00,2064.00,87.00,-1.00 ,
2012-12-26,Western Development Bank Limited,,1,85.00,85.00,85.00,24.00,2040.00,86.00,-1.00 ,
2012-12-27,Western Development Bank Limited,,2,85.00,84.00,85.00,24.00,2028.00,85.00,0.00 ,
2012-12-31,Western Development Bank Limited,,1,84.00,84.00,84.00,12.00,1008.00,85.00,-1.00 ,
2013-01-01,Western Development Bank Limited,,10,85.00,85.00,85.00,120.00,10200.00,84.00,1.00 ,
2013-01-02,Zenith Finance Limited,,1,103.00,103.00,103.00,22.00,2266.00,105.00,-2.00 ,
2013-01-03,Tourism Development Bank Limited,,25,99.00,98.00,98.00,3450.00,339530.00,99.00,-1.00 ,
2013-01-07,Zenith Finance Limited,,4,95.00,95.00,95.00,78.00,7410.00,95.00,0.00 ,
2013-01-08,United Finance Ltd.,UFL,1,132.00,132.00,132.00,29.00,3828.00,134.00,-2.00 ,Finance
2013-01-09,Zenith Finance Limited,,4,96.00,95.00,95.00,132.00,12660.00,95.00,0.00 ,
2013-01-10,Zenith Finance Limited,,15,96.00,95.00,95.00,642.00,61002.00,95.00,0.00 ,
2013-01-13,Zenith Finance Limited,,3,95.00,94.00,95.00,66.00,6248.00,95.00,0.00 ,
2013-01-15,Zenith Finance Limited,,9,95.00,94.00,95.00,254.00,24106.00,95.00,0.00 ,
2013-01-16,Zenith Finance Limited,,5,95.00,95.00,95.00,184.00,17480.00,95.00,0.00 ,
2013-01-17,Zenith Finance Limited,,6,96.00,95.00,95.00,368.00,34972.00,95.00,0.00 ,
2013-01-20,Yeti Finance Ltd.,,1,140.00,140.00,140.00,66.00,9240.00,140.00,0.00 ,
2013-01-21,Zenith Finance Limited,,11,95.00,95.00,95.00,132.00,12540.00,95.00,0.00 ,
2013-01-22,Zenith Finance Limited,,9,96.00,95.00,95.00,295.00,28106.00,95.00,0.00 ,
2013-01-23,Zenith Finance Limited,,5,96.00,94.00,94.00,439.00,41522.00,95.00,-1.00 ,
2013-01-24,Zenith Finance Limited,,28,95.00,93.00,93.00,964.00,90870.00,94.00,-1.00 ,
2013-01-27,Zenith Finance Limited,,7,94.00,92.00,92.00,550.00,50942.00,93.00,-1.00 ,
2013-01-28,Zenith Finance Limited,,12,95.00,91.00,95.00,746.00,69222.00,92.00,3.00 ,
2013-01-30,Zenith Finance Limited,,23,96.00,94.00,94.00,704.00,67232.00,95.00,-1.00 ,
2013-01-31,Zenith Finance Limited,,24,95.00,94.00,94.00,1720.00,163218.00,94.00,0.00 ,
2013-02-03,Zenith Finance Limited,,13,96.00,94.00,94.00,308.00,29240.00,94.00,0.00 ,
2013-02-04,Zenith Finance Limited,,5,97.00,95.00,97.00,110.00,10574.00,94.00,3.00 ,
2013-02-05,Zenith Finance Limited,,5,97.00,97.00,97.00,378.00,36666.00,97.00,0.00 ,
2013-02-06,Zenith Finance Limited,,3,96.00,96.00,96.00,48.00,4608.00,97.00,-1.00 ,
2013-02-07,Zenith Finance Limited,,10,98.00,97.00,97.00,294.00,28638.00,96.00,1.00 ,
2013-02-10,Zenith Finance Limited,,7,96.00,95.00,95.00,396.00,37854.00,97.00,-2.00 ,
2013-02-12,Western Development Bank Limited,,2,85.00,84.00,84.00,48.00,4068.00,86.00,-2.00 ,
2013-02-13,Western Development Bank Limited,,6,84.00,84.00,84.00,72.00,6048.00,84.00,0.00 ,
2013-02-14,Zenith Finance Limited,,2,96.00,96.00,96.00,36.00,3456.00,95.00,1.00 ,
2013-02-17,Tinau Development Bank Limited,,1,111.00,111.00,111.00,450.00,49950.00,109.00,2.00 ,
2013-02-19,Western Development Bank Limited,,1,82.00,82.00,82.00,20.00,1640.00,83.00,-1.00 ,
2013-02-20,Zenith Finance Limited,,2,95.00,95.00,95.00,88.00,8360.00,96.00,-1.00 ,
2013-02-21,Zenith Finance Limited,,9,95.00,93.00,93.00,464.00,43660.00,95.00,-2.00 ,
2013-02-24,Zenith Finance Limited,,2,93.00,93.00,93.00,332.00,30876.00,93.00,0.00 ,
2013-02-25,Zenith Finance Limited,,8,94.00,92.00,93.00,418.00,38742.00,93.00,0.00 ,
2013-02-26,Zenith Finance Limited,,15,96.00,93.00,94.00,726.00,68444.00,93.00,1.00 ,
2013-02-27,Zenith Finance Limited,,6,95.00,93.00,93.00,352.00,33124.00,94.00,-1.00 ,
2013-02-28,Zenith Finance Limited,,1,94.00,94.00,94.00,42.00,3948.00,93.00,1.00 ,
2013-03-03,Zenith Finance Limited,,8,95.00,93.00,95.00,218.00,20570.00,94.00,1.00 ,
2013-03-04,Zenith Finance Limited,,1,94.00,94.00,94.00,12.00,1128.00,95.00,-1.00 ,
2013-03-05,Zenith Finance Limited,,7,95.00,94.00,94.00,617.00,58399.00,94.00,0.00 ,
2013-03-06,Om Development Bank Ltd.,ODBL,6,170.00,166.00,168.00,535.00,89761.00,167.00,1.00 ,Development Banks
2013-03-07,Zenith Finance Limited,,11,97.00,94.00,96.00,390.00,37162.00,95.00,1.00 ,
2013-03-11,Zenith Finance Limited,,8,96.00,94.00,95.00,220.00,20890.00,96.00,-1.00 ,
2013-03-13,Zenith Finance Limited,,9,97.00,95.00,96.00,302.00,29042.00,95.00,1.00 ,
2013-03-14,Zenith Finance Limited,,4,96.00,95.00,96.00,992.00,94808.00,96.00,0.00 ,
2013-03-17,Zenith Finance Limited,,13,96.00,94.00,96.00,404.00,38580.00,96.00,0.00 ,
2013-03-18,Zenith Finance Limited,,6,95.00,94.00,95.00,317.00,30103.00,96.00,-1.00 ,
2013-03-19,Zenith Finance Limited,,11,97.00,96.00,97.00,328.00,31768.00,95.00,2.00 ,
2013-03-21,Zenith Finance Limited,,2,96.00,96.00,96.00,176.00,16896.00,95.00,1.00 ,
2013-03-24,Zenith Finance Limited,,16,95.00,94.00,95.00,900.00,85332.00,96.00,-1.00 ,
2013-03-25,Zenith Finance Limited,,46,96.00,95.00,95.00,1440.00,137964.00,95.00,0.00 ,
2013-03-27,Zenith Finance Limited,,21,97.00,96.00,96.00,672.00,64712.00,95.00,1.00 ,
2013-03-28,Zenith Finance Limited,,11,97.00,95.00,96.00,180.00,17292.00,96.00,0.00 ,
2013-03-31,Om Development Bank Ltd.,ODBL,15,165.00,155.00,155.00,247.00,40270.00,166.00,-11.00 ,Development Banks
2013-04-01,Zenith Finance Limited,,8,95.00,94.00,95.00,184.00,17384.00,95.00,0.00 ,
2013-04-02,Om Development Bank Ltd.,ODBL,6,160.00,154.00,157.00,183.00,28740.00,157.00,0.00 ,Development Banks
2013-04-03,Zenith Finance Limited,,1,97.00,97.00,97.00,48.00,4656.00,96.00,1.00 ,
2013-04-04,Zenith Finance Limited,,3,96.00,96.00,96.00,132.00,12672.00,97.00,-1.00 ,
2013-04-07,Zenith Finance Limited,,5,97.00,95.00,97.00,492.00,46860.00,96.00,1.00 ,
2013-04-08,Zenith Finance Limited,,14,98.00,97.00,97.00,520.00,50464.00,97.00,0.00 ,
2013-04-09,Society Development Bank Ltd.,,7,61.00,59.00,59.00,2261.00,136160.00,58.00,1.00 ,
2013-04-11,Unique Finance Ltd.,,3,86.00,85.00,86.00,220.00,18740.00,84.00,2.00 ,
2013-04-15,Zenith Finance Limited,,13,95.00,94.00,95.00,3248.00,306876.00,95.00,0.00 ,
2013-04-16,Zenith Finance Limited,,7,95.00,93.00,93.00,270.00,25278.00,95.00,-2.00 ,
2013-04-17,Zenith Finance Limited,,7,95.00,94.00,94.00,252.00,23788.00,93.00,1.00 ,
2013-04-18,Zenith Finance Limited,,2,93.00,93.00,93.00,112.00,10416.00,94.00,-1.00 ,
2013-04-21,United Finance Ltd.,UFL,5,143.00,141.00,143.00,160.00,22752.00,142.00,1.00 ,Finance
2013-04-22,United Finance Ltd.,UFL,1,145.00,145.00,145.00,388.00,56260.00,143.00,2.00 ,Finance
2013-04-23,Triveni Bikas Bank Limited,,2,145.00,144.00,145.00,125.00,18095.00,143.00,2.00 ,
2013-04-25,Western Development Bank Limited,,3,86.00,86.00,86.00,180.00,15480.00,87.00,-1.00 ,
2013-04-28,Zenith Finance Limited,,6,92.00,88.00,88.00,218.00,19520.00,93.00,-5.00 ,
2013-04-29,Zenith Finance Limited,,23,95.00,88.00,95.00,1122.00,105498.00,88.00,7.00 ,
2013-04-30,Zenith Finance Limited,,14,102.00,94.00,102.00,314.00,30074.00,95.00,7.00 ,
2013-05-02,Zenith Finance Limited,,25,100.00,92.00,92.00,1180.00,111616.00,102.00,-10.00 ,
2013-05-05,Zenith Finance Limited,,1,92.00,92.00,92.00,102.00,9384.00,92.00,0.00 ,
2013-05-06,Zenith Finance Limited,,2,92.00,91.00,92.00,176.00,16112.00,92.00,0.00 ,
2013-05-07,Western Development Bank Limited,,3,81.00,80.00,81.00,2308.00,186448.00,80.00,1.00 ,
2013-05-08,Zenith Finance Limited,,10,93.00,90.00,90.00,216.00,19604.00,92.00,-2.00 ,
2013-05-09,Zenith Finance Limited,,9,93.00,88.00,93.00,180.00,16176.00,90.00,3.00 ,
2013-05-12,Unique Finance Ltd.,,20,84.00,81.00,81.00,480.00,39740.00,83.00,-2.00 ,
2013-05-13,Zenith Finance Limited,,2,92.00,92.00,92.00,172.00,15824.00,93.00,-1.00 ,
2013-05-14,Western Development Bank Limited,,127,81.00,80.00,81.00,2228.00,179680.00,82.00,-1.00 ,
2013-05-15,Zenith Finance Limited,,8,96.00,93.00,96.00,180.00,16812.00,92.00,4.00 ,
2013-05-16,Unique Finance Ltd.,,1,82.00,82.00,82.00,10.00,820.00,82.00,0.00 ,
2013-05-19,Unique Finance Ltd.,,7,81.00,80.00,81.00,590.00,47650.00,82.00,-1.00 ,
2013-05-20,Western Development Bank Limited,,2,80.00,80.00,80.00,20.00,1600.00,81.00,-1.00 ,
2013-05-21,Triveni Bikas Bank Limited,,4,139.00,137.00,139.00,140.00,19320.00,135.00,4.00 ,
2013-05-22,United Finance Ltd.,UFL,1,136.00,136.00,136.00,120.00,16320.00,138.00,-2.00 ,Finance
2013-05-23,Western Development Bank Limited,,3,79.00,77.00,77.00,84.00,6528.00,80.00,-3.00 ,
2013-05-26,Western Development Bank Limited,,13,76.00,70.00,71.00,192.00,13968.00,77.00,-6.00 ,
2013-05-27,Zenith Finance Limited,,5,95.00,91.00,91.00,472.00,43496.00,96.00,-5.00 ,
2013-05-28,Zenith Finance Limited,,14,91.00,89.00,89.00,693.00,62703.00,91.00,-2.00 ,
2013-05-30,Zenith Finance Limited,,24,95.00,85.00,95.00,596.00,52286.00,89.00,6.00 ,
2013-06-02,Zenith Finance Limited,,1,96.00,96.00,96.00,12.00,1152.00,95.00,1.00 ,
2013-06-03,Western Development Bank Limited,,2,64.00,64.00,64.00,24.00,1536.00,65.00,-1.00 ,
2013-06-04,Zenith Finance Limited,,2,97.00,96.00,96.00,22.00,2122.00,96.00,0.00 ,
2013-06-05,Western Development Bank Limited,,12,74.00,71.00,74.00,274.00,19882.00,70.00,4.00 ,
2013-06-06,Zenith Finance Limited,,4,95.00,93.00,93.00,106.00,9942.00,96.00,-3.00 ,
2013-06-09,Zenith Finance Limited,,5,92.00,90.00,90.00,198.00,18088.00,93.00,-3.00 ,
2013-06-10,Zenith Finance Limited,,4,89.00,88.00,88.00,244.00,21572.00,90.00,-2.00 ,
2013-06-11,Zenith Finance Limited,,8,92.00,89.00,91.00,112.00,10172.00,88.00,3.00 ,
2013-06-12,Zenith Finance Limited,,29,96.00,90.00,94.00,1468.00,133852.00,91.00,3.00 ,
2013-06-13,Zenith Finance Limited,,2,96.00,95.00,96.00,300.00,28600.00,94.00,2.00 ,
2013-06-16,Zenith Finance Limited,,8,95.00,91.00,91.00,388.00,36150.00,96.00,-5.00 ,
2013-06-17,Zenith Finance Limited,,6,92.00,90.00,90.00,142.00,12838.00,91.00,-1.00 ,
2013-06-18,Zenith Finance Limited,,17,91.00,89.00,91.00,606.00,54636.00,90.00,1.00 ,
2013-06-19,Western Development Bank Limited,,3,72.00,71.00,71.00,40.00,2860.00,73.00,-2.00 ,
2013-06-20,Zenith Finance Limited,,1,92.00,92.00,92.00,10.00,920.00,91.00,1.00 ,
2013-06-23,Zenith Finance Limited,,26,97.00,88.00,97.00,1036.00,93598.00,92.00,5.00 ,
2013-06-24,Zenith Finance Limited,,3,100.00,98.00,100.00,36.00,3566.00,97.00,3.00 ,
2013-06-25,Zenith Finance Limited,,19,98.00,94.00,95.00,1316.00,125384.00,100.00,-5.00 ,
2013-06-26,Zenith Finance Limited,,32,94.00,90.00,91.00,1052.00,96296.00,95.00,-4.00 ,
2013-06-27,Zenith Finance Limited,,22,100.00,90.00,100.00,742.00,71878.00,91.00,9.00 ,
2013-06-30,Zenith Finance Limited,,1,98.00,98.00,98.00,44.00,4312.00,100.00,-2.00 ,
2013-07-01,Zenith Finance Limited,,8,97.00,91.00,91.00,652.00,60522.00,98.00,-7.00 ,
2013-07-02,Zenith Finance Limited,,18,92.00,90.00,92.00,696.00,63078.00,91.00,1.00 ,
2013-07-03,Zenith Finance Limited,,14,91.00,90.00,91.00,626.00,56784.00,92.00,-1.00 ,
2013-07-04,Zenith Finance Limited,,2,91.00,90.00,90.00,34.00,3082.00,91.00,-1.00 ,
2013-07-07,Zenith Finance Limited,,10,91.00,90.00,90.00,154.00,13930.00,90.00,0.00 ,
2013-07-08,Western Development Bank Limited,,7,69.00,66.00,69.00,132.00,8988.00,67.00,2.00 ,
2013-07-09,Zenith Finance Limited,,10,94.00,90.00,94.00,268.00,24544.00,90.00,4.00 ,
2013-07-10,Zenith Finance Limited,,3,97.00,95.00,97.00,108.00,10360.00,94.00,3.00 ,
2013-07-11,Zenith Finance Limited,,9,96.00,93.00,95.00,618.00,58076.00,97.00,-2.00 ,
2013-07-14,Zenith Finance Limited,,6,95.00,95.00,95.00,120.00,11400.00,95.00,0.00 ,
2013-07-15,Zenith Finance Limited,,1,96.00,96.00,96.00,44.00,4224.00,95.00,1.00 ,
2013-07-16,Zenith Finance Limited,,1,95.00,95.00,95.00,48.00,4560.00,96.00,-1.00 ,
2013-07-17,Western Development Bank Limited,,1,80.00,80.00,80.00,10.00,800.00,79.00,1.00 ,
2013-07-18,Zenith Finance Limited,,1,94.00,94.00,94.00,44.00,4136.00,95.00,-1.00 ,
2013-07-21,Zenith Finance Limited,,1,95.00,95.00,95.00,50.00,4750.00,94.00,1.00 ,
2013-07-22,United Finance Ltd.,UFL,1,135.00,135.00,135.00,681.00,91935.00,133.00,2.00 ,Finance
2013-07-23,Western Development Bank Limited,,3,81.00,80.00,81.00,72.00,5820.00,81.00,0.00 ,
2013-07-24,Western Development Bank Limited,,1,81.00,81.00,81.00,60.00,4860.00,81.00,0.00 ,
2013-07-25,Western Development Bank Limited,,6,84.00,82.00,84.00,288.00,23842.00,81.00,3.00 ,
2013-07-28,Zenith Finance Limited,,2,94.00,93.00,93.00,66.00,6160.00,95.00,-2.00 ,
2013-07-29,Zenith Finance Limited,,13,94.00,94.00,94.00,346.00,32524.00,93.00,1.00 ,
2013-07-30,Zenith Finance Limited,,8,93.00,90.00,91.00,438.00,39832.00,94.00,-3.00 ,
2013-07-31,Zenith Finance Limited,,3,92.00,90.00,92.00,102.00,9260.00,91.00,1.00 ,
2013-08-01,Western Development Bank Limited,,6,82.00,79.00,79.00,236.00,19092.00,83.00,-4.00 ,
2013-08-04,Western Development Bank Limited,,2,81.00,80.00,81.00,48.00,3864.00,79.00,2.00 ,
2013-08-05,Western Development Bank Limited,,4,82.00,81.00,82.00,72.00,5856.00,81.00,1.00 ,
2013-08-06,Western Development Bank Limited,,33,90.00,82.00,90.00,588.00,52104.00,82.00,8.00 ,
2013-08-07,Western Development Bank Limited,,28,94.00,91.00,91.00,1406.00,129184.00,90.00,1.00 ,
2013-08-08,Western Development Bank Limited,,5,91.00,90.00,91.00,344.00,31212.00,91.00,0.00 ,
2013-08-11,Zenith Finance Limited,,12,92.00,90.00,92.00,304.00,27662.00,92.00,0.00 ,
2013-08-12,Zenith Finance Limited,,13,91.00,87.00,88.00,562.00,49992.00,92.00,-4.00 ,
2013-08-13,Zenith Finance Limited,,6,89.00,88.00,89.00,520.00,46240.00,88.00,1.00 ,
2013-08-14,Zenith Finance Limited,,16,91.00,88.00,89.00,734.00,65580.00,89.00,0.00 ,
2013-08-15,Zenith Finance Limited,,8,88.00,86.00,87.00,284.00,24668.00,89.00,-2.00 ,
2013-08-18,Zenith Finance Limited,,24,87.00,86.00,86.00,388.00,33644.00,87.00,-1.00 ,
2013-08-19,Zenith Finance Limited,,11,87.00,85.00,87.00,768.00,66312.00,86.00,1.00 ,
2013-08-20,Western Development Bank Limited,,8,89.00,87.00,89.00,756.00,67140.00,89.00,0.00 ,
2013-08-25,Zenith Finance Limited,,7,89.00,86.00,89.00,916.00,80632.00,87.00,2.00 ,
2013-08-26,Zenith Finance Limited,,3,90.00,89.00,89.00,96.00,8592.00,89.00,0.00 ,
2013-08-27,Zenith Finance Limited,,1,89.00,89.00,89.00,44.00,3916.00,89.00,0.00 ,
2013-08-29,Zenith Finance Limited,,1,88.00,88.00,88.00,22.00,1936.00,89.00,-1.00 ,
2013-09-01,Zenith Finance Limited,,6,88.00,86.00,87.00,246.00,21414.00,88.00,-1.00 ,
2013-09-02,Zenith Finance Limited,,7,88.00,85.00,88.00,358.00,30810.00,87.00,1.00 ,
2013-09-03,Zenith Finance Limited,,20,88.00,85.00,88.00,1365.00,117034.00,88.00,0.00 ,
2013-09-04,Western Development Bank Limited,,3,96.00,94.00,94.00,72.00,6876.00,96.00,-2.00 ,
2013-09-05,United Insurance Co. (Nepal) Ltd.,UIC,5,176.00,170.00,170.00,2136.00,366876.00,173.00,-3.00 ,Non Life Insurance
2013-09-08,United Insurance Co. (Nepal) Ltd.,UIC,2,167.00,167.00,167.00,364.00,60788.00,170.00,-3.00 ,Non Life Insurance
2013-09-09,Western Development Bank Limited,,4,93.00,93.00,93.00,400.00,37200.00,94.00,-1.00 ,
2013-09-10,Zenith Finance Limited,,2,87.00,87.00,87.00,46.00,4002.00,88.00,-1.00 ,
2013-09-11,Zenith Finance Limited,,4,88.00,88.00,88.00,156.00,13728.00,87.00,1.00 ,
2013-09-12,Zenith Finance Limited,,3,88.00,87.00,88.00,154.00,13486.00,88.00,0.00 ,
2013-09-15,Western Development Bank Limited,,7,99.00,97.00,97.00,132.00,12924.00,96.00,1.00 ,
2013-09-16,Western Development Bank Limited,,7,98.00,96.00,96.00,84.00,8112.00,97.00,-1.00 ,
2013-09-17,Zenith Finance Limited,,1,87.00,87.00,87.00,22.00,1914.00,88.00,-1.00 ,
2013-09-19,Zenith Finance Limited,,4,88.00,87.00,87.00,284.00,24968.00,87.00,0.00 ,
2013-09-22,Zenith Finance Limited,,4,86.00,85.00,86.00,86.00,7376.00,87.00,-1.00 ,
2013-09-23,Zenith Finance Limited,,1,86.00,86.00,86.00,44.00,3784.00,86.00,0.00 ,
2013-09-24,Zenith Finance Limited,,9,85.00,83.00,83.00,286.00,24010.00,86.00,-3.00 ,
2013-09-25,Zenith Finance Limited,,5,87.00,84.00,87.00,166.00,14186.00,83.00,4.00 ,
2013-09-26,Zenith Finance Limited,,5,87.00,86.00,87.00,100.00,8678.00,87.00,0.00 ,
2013-09-29,Zenith Finance Limited,,5,87.00,85.00,86.00,288.00,24812.00,87.00,-1.00 ,
2013-09-30,Zenith Finance Limited,,1,87.00,87.00,87.00,22.00,1914.00,86.00,1.00 ,
2013-10-01,Zenith Finance Limited,,8,86.00,85.00,85.00,468.00,40044.00,87.00,-2.00 ,
2013-10-02,Zenith Finance Limited,,2,86.00,85.00,85.00,232.00,19756.00,85.00,0.00 ,
2013-10-03,United Insurance Co. (Nepal) Ltd.,UIC,1,137.00,137.00,137.00,101.00,13837.00,135.00,2.00 ,Non Life Insurance
2013-10-06,Zenith Finance Limited,,8,85.00,84.00,85.00,154.00,12972.00,85.00,0.00 ,
2013-10-07,Western Development Bank Limited,,36,96.00,95.00,95.00,744.00,70716.00,95.00,0.00 ,
2013-10-08,Zenith Finance Limited,,2,87.00,86.00,87.00,150.00,12940.00,85.00,2.00 ,
2013-10-09,Western Development Bank Limited,,4,96.00,95.00,96.00,48.00,4572.00,96.00,0.00 ,
2013-10-10,Western Development Bank Limited,,3,95.00,94.00,94.00,132.00,12492.00,96.00,-2.00 ,
2013-10-17,Western Development Bank Limited,,1,95.00,95.00,95.00,12.00,1140.00,94.00,1.00 ,
2013-10-20,Western Development Bank Limited,,3,96.00,95.00,95.00,84.00,7992.00,95.00,0.00 ,
2013-10-21,Western Development Bank Limited,,1,95.00,95.00,95.00,84.00,7980.00,95.00,0.00 ,
2013-10-22,Unique Finance Ltd.,,2,82.00,82.00,82.00,40.00,3280.00,83.00,-1.00 ,
2013-10-23,Zenith Finance Limited,,1,88.00,88.00,88.00,88.00,7744.00,87.00,1.00 ,
2013-10-24,Western Development Bank Limited,,3,98.00,97.00,97.00,84.00,8172.00,98.00,-1.00 ,
2013-10-27,Western Development Bank Limited,,10,97.00,95.00,96.00,132.00,12660.00,97.00,-1.00 ,
2013-10-28,Western Development Bank Limited,,2,95.00,95.00,95.00,48.00,4560.00,96.00,-1.00 ,
2013-10-29,Zenith Finance Limited,,2,88.00,88.00,88.00,44.00,3872.00,88.00,0.00 ,
2013-10-30,Western Development Bank Limited,,7,96.00,94.00,95.00,204.00,19392.00,95.00,0.00 ,
2013-10-31,Western Development Bank Limited,,1,96.00,96.00,96.00,24.00,2304.00,95.00,1.00 ,
2013-11-06,Unique Finance Ltd.,,3,81.00,80.00,81.00,70.00,5640.00,80.00,1.00 ,
2013-11-07,Triveni Bikas Bank Limited,,3,171.00,171.00,171.00,311.00,53181.00,168.00,3.00 ,
2013-11-10,Western Development Bank Limited,,4,96.00,96.00,96.00,48.00,4608.00,96.00,0.00 ,
2013-11-11,United Insurance Co. (Nepal) Ltd.,UIC,1,136.00,136.00,136.00,100.00,13600.00,137.00,-1.00 ,Non Life Insurance
2013-11-12,Union Finance Co. Ltd.,,7,110.00,106.00,110.00,1344.00,144518.00,110.00,0.00 ,
2013-11-13,Western Development Bank Limited,,1,97.00,97.00,97.00,240.00,23280.00,96.00,1.00 ,
2013-11-14,Western Development Bank Limited,,1,98.00,98.00,98.00,36.00,3528.00,97.00,1.00 ,
2013-11-21,Union Finance Co. Ltd.,,6,112.00,112.00,112.00,446.00,49952.00,110.00,2.00 ,
2013-11-24,Zenith Finance Limited,,14,96.00,89.00,96.00,398.00,36578.00,88.00,8.00 ,
2013-11-25,Zenith Finance Limited,,2,98.00,97.00,98.00,46.00,4498.00,96.00,2.00 ,
2013-11-26,Zenith Finance Limited,,6,106.00,99.00,106.00,216.00,22088.00,98.00,8.00 ,
2013-11-27,United Insurance Co. (Nepal) Ltd.,UIC,6,162.00,155.00,162.00,190.00,30402.00,148.00,14.00 ,Non Life Insurance
2013-11-28,Zenith Finance Limited,,1,108.00,108.00,108.00,22.00,2376.00,106.00,2.00 ,
2013-12-01,Zenith Finance Limited,,3,108.00,104.00,104.00,90.00,9500.00,108.00,-4.00 ,
2013-12-02,Western Development Bank Limited,,4,112.00,108.00,112.00,126.00,13824.00,106.00,6.00 ,
2013-12-03,Zenith Finance Limited,,11,109.00,106.00,107.00,584.00,63100.00,104.00,3.00 ,
2013-12-04,Zenith Finance Limited,,3,112.00,109.00,112.00,134.00,14696.00,107.00,5.00 ,
2013-12-05,Zenith Finance Limited,,8,118.00,114.00,117.00,422.00,48896.00,112.00,5.00 ,
2013-12-08,Western Development Bank Limited,,1,124.00,124.00,124.00,130.00,16120.00,122.00,2.00 ,
2013-12-09,Zenith Finance Limited,,11,123.00,119.00,123.00,590.00,71330.00,117.00,6.00 ,
2013-12-10,Zenith Finance Limited,,4,123.00,121.00,121.00,168.00,20528.00,123.00,-2.00 ,
2013-12-11,Zenith Finance Limited,,1,119.00,119.00,119.00,44.00,5236.00,121.00,-2.00 ,
2013-12-12,United Insurance Co. (Nepal) Ltd.,UIC,5,248.00,245.00,248.00,1433.00,352221.00,242.00,6.00 ,Non Life Insurance
2013-12-15,Western Development Bank Limited,,5,123.00,119.00,119.00,144.00,17376.00,125.00,-6.00 ,
2013-12-16,Zenith Finance Limited,,7,119.00,117.00,119.00,458.00,53690.00,119.00,0.00 ,
2013-12-18,Western Development Bank Limited,,1,119.00,119.00,119.00,10.00,1190.00,117.00,2.00 ,
2013-12-19,Western Development Bank Limited,,6,121.00,118.00,118.00,472.00,56680.00,119.00,-1.00 ,
2013-12-22,Zenith Finance Limited,,8,117.00,108.00,108.00,660.00,73014.00,119.00,-11.00 ,
2013-12-23,Zenith Finance Limited,,32,117.00,108.00,114.00,9102.00,993114.00,108.00,6.00 ,
2013-12-24,Zenith Finance Limited,,11,114.00,112.00,114.00,284.00,31940.00,114.00,0.00 ,
2013-12-26,Zenith Finance Limited,,12,121.00,112.00,121.00,1460.00,172154.00,114.00,7.00 ,
2013-12-29,Zenith Finance Limited,,26,127.00,121.00,126.00,2116.00,262652.00,121.00,5.00 ,
2013-12-31,Western Development Bank Limited,,4,116.00,114.00,114.00,228.00,26388.00,118.00,-4.00 ,
2014-01-01,Western Development Bank Limited,,14,118.00,116.00,118.00,188.00,22144.00,114.00,4.00 ,
2014-01-02,Western Development Bank Limited,,3,117.00,114.00,114.00,136.00,15740.00,118.00,-4.00 ,
2014-01-05,Western Development Bank Limited,,5,120.00,116.00,118.00,138.00,16304.00,114.00,4.00 ,
2014-01-06,Western Development Bank Limited,,3,116.00,116.00,116.00,36.00,4176.00,118.00,-2.00 ,
2014-01-07,Western Development Bank Limited,,4,118.00,117.00,118.00,120.00,14148.00,116.00,2.00 ,
2014-01-08,Western Development Bank Limited,,5,120.00,117.00,117.00,1512.00,178428.00,118.00,-1.00 ,
2014-01-09,Western Development Bank Limited,,2,119.00,117.00,117.00,22.00,2598.00,117.00,0.00 ,
2014-01-12,Zenith Finance Limited,,3,114.00,110.00,110.00,210.00,23280.00,126.00,-16.00 ,
2014-01-13,Zenith Finance Limited,,17,110.00,106.00,108.00,662.00,71728.00,110.00,-2.00 ,
2014-01-14,Zenith Finance Limited,,16,112.00,100.00,112.00,466.00,49140.00,108.00,4.00 ,
2014-01-16,Zenith Finance Limited,,21,114.00,108.00,114.00,517.00,57568.00,112.00,2.00 ,
2014-01-19,Zenith Finance Limited,,3,112.00,112.00,112.00,88.00,9856.00,114.00,-2.00 ,
2014-01-20,Zenith Finance Limited,,22,116.00,108.00,110.00,620.00,68120.00,112.00,-2.00 ,
2014-01-21,Zenith Finance Limited,,2,110.00,108.00,108.00,56.00,6072.00,110.00,-2.00 ,
2014-01-22,Zenith Finance Limited,,31,118.00,110.00,116.00,2096.00,240904.00,108.00,8.00 ,
2014-01-23,Zenith Finance Limited,,24,127.00,118.00,127.00,726.00,90164.00,116.00,11.00 ,
2014-01-26,Zenith Finance Limited,,18,139.00,126.00,139.00,666.00,88816.00,127.00,12.00 ,
2014-01-27,Zenith Finance Limited,,24,148.00,140.00,140.00,894.00,129198.00,139.00,1.00 ,
2014-01-28,Zenith Finance Limited,,14,144.00,136.00,142.00,696.00,97906.00,140.00,2.00 ,
2014-01-29,Zenith Finance Limited,,8,144.00,140.00,140.00,618.00,87380.00,142.00,-2.00 ,
2014-02-02,Zenith Finance Limited,,11,142.00,138.00,141.00,854.00,118780.00,140.00,1.00 ,
2014-02-03,Zenith Finance Limited,,18,143.00,138.00,143.00,1072.00,148820.00,141.00,2.00 ,
2014-02-04,Zenith Finance Limited,,8,144.00,141.00,143.00,1596.00,229202.00,143.00,0.00 ,
2014-02-05,Zenith Finance Limited,,15,147.00,141.00,143.00,380.00,54396.00,143.00,0.00 ,
2014-02-06,Zenith Finance Limited,,28,145.00,141.00,145.00,610.00,87698.00,143.00,2.00 ,
2014-02-09,Zenith Finance Limited,,5,143.00,143.00,143.00,86.00,12298.00,145.00,-2.00 ,
2014-02-10,Zenith Finance Limited,,6,145.00,144.00,145.00,240.00,34756.00,143.00,2.00 ,
2014-02-11,Zenith Finance Limited,,16,154.00,143.00,154.00,5467.00,823593.00,145.00,9.00 ,
2014-02-12,Zenith Finance Limited,,13,154.00,151.00,153.00,734.00,112160.00,154.00,-1.00 ,
2014-02-13,Zenith Finance Limited,,8,168.00,156.00,168.00,374.00,60130.00,153.00,15.00 ,
2014-02-16,Zenith Finance Limited,,11,184.00,171.00,184.00,1314.00,239428.00,168.00,16.00 ,
2014-02-17,Zenith Finance Limited,,23,201.00,178.00,178.00,2610.00,485478.00,184.00,-6.00 ,
2014-02-18,Zenith Finance Limited,,5,187.00,181.00,184.00,158.00,29042.00,178.00,6.00 ,
2014-02-20,Zenith Finance Limited,,5,190.00,186.00,187.00,150.00,27996.00,184.00,3.00 ,
2014-02-23,Zenith Finance Limited,,1,190.00,190.00,190.00,132.00,25080.00,187.00,3.00 ,
2014-02-24,Zenith Finance Limited,,2,187.00,187.00,187.00,94.00,17578.00,190.00,-3.00 ,
2014-02-25,Zenith Finance Limited,,4,184.00,180.00,180.00,398.00,72778.00,187.00,-7.00 ,
2014-02-26,Zenith Finance Limited,,5,178.00,174.00,174.00,1645.00,291257.00,180.00,-6.00 ,
2014-03-03,Zenith Finance Limited,,13,175.00,158.00,163.00,702.00,117624.00,174.00,-11.00 ,
2014-03-04,Zenith Finance Limited,,18,164.00,152.00,164.00,3916.00,631632.00,163.00,1.00 ,
2014-03-05,Zenith Finance Limited,,20,177.00,167.00,176.00,3094.00,539072.00,164.00,12.00 ,
2014-03-06,Zenith Finance Limited,,18,179.00,162.00,165.00,1062.00,182790.00,176.00,-11.00 ,
2014-03-09,Zenith Finance Limited,,4,165.00,162.00,162.00,580.00,95346.00,165.00,-3.00 ,
2014-03-10,Zenith Finance Limited,,4,160.00,154.00,154.00,166.00,26248.00,162.00,-8.00 ,
2014-03-11,Western Development Bank Limited,,11,200.00,197.00,197.00,606.00,121002.00,200.00,-3.00 ,
2014-03-12,Zenith Finance Limited,,6,151.00,146.00,151.00,672.00,100800.00,154.00,-3.00 ,
2014-03-13,Zenith Finance Limited,,6,148.00,142.00,142.00,83.00,11996.00,151.00,-9.00 ,
2014-03-17,Zenith Finance Limited,,4,140.00,136.00,136.00,374.00,51296.00,142.00,-6.00 ,
2014-03-18,Zenith Finance Limited,,6,136.00,134.00,135.00,264.00,35628.00,136.00,-1.00 ,
2014-03-19,Zenith Finance Limited,,3,138.00,135.00,138.00,143.00,19542.00,135.00,3.00 ,
2014-03-20,Zenith Finance Limited,,27,144.00,132.00,144.00,1506.00,204924.00,138.00,6.00 ,
2014-03-23,Zenith Finance Limited,,3,148.00,146.00,148.00,32.00,4696.00,144.00,4.00 ,
2014-03-24,Zenith Finance Limited,,2,150.00,150.00,150.00,850.00,127500.00,148.00,2.00 ,
2014-03-25,Zenith Finance Limited,,7,165.00,153.00,165.00,802.00,132030.00,150.00,15.00 ,
2014-03-26,Zenith Finance Limited,,10,171.00,165.00,165.00,1072.00,180260.00,165.00,0.00 ,
2014-03-27,Zenith Finance Limited,,3,162.00,159.00,161.00,342.00,54950.00,165.00,-4.00 ,
2014-03-31,Zenith Finance Limited,,2,158.00,155.00,155.00,2470.00,390044.00,161.00,-6.00 ,
2014-04-01,Zenith Finance Limited,,6,155.00,152.00,152.00,196.00,30278.00,155.00,-3.00 ,
2014-04-02,Zenith Finance Limited,,4,149.00,147.00,147.00,44.00,6532.00,152.00,-5.00 ,
2014-04-03,Zenith Finance Limited,,4,145.00,142.00,143.00,846.00,121010.00,147.00,-4.00 ,
2014-04-06,Zenith Finance Limited,,11,150.00,141.00,150.00,930.00,134064.00,143.00,7.00 ,
2014-04-07,Zenith Finance Limited,,19,165.00,153.00,165.00,2122.00,348696.00,150.00,15.00 ,
2014-04-09,Zenith Finance Limited,,28,180.00,168.00,176.00,5930.00,1044682.00,165.00,11.00 ,
2014-04-10,Zenith Finance Limited,,11,179.00,173.00,174.00,4621.00,815224.00,176.00,-2.00 ,
2014-04-13,Zenith Finance Limited,,11,172.00,168.00,172.00,1242.00,212236.00,174.00,-2.00 ,
2014-04-15,Western Development Bank Limited,,3,225.00,218.00,218.00,108.00,23904.00,228.00,-10.00 ,
2014-04-16,Western Development Bank Limited,,2,220.00,218.00,220.00,734.00,161432.00,218.00,2.00 ,
2014-04-17,Western Development Bank Limited,,19,224.00,218.00,223.00,1450.00,323156.00,220.00,3.00 ,
2014-04-20,Western Development Bank Limited,,8,230.00,227.00,230.00,502.00,114698.00,223.00,7.00 ,
2014-04-21,Western Development Bank Limited,,14,228.00,226.00,226.00,276.00,62568.00,230.00,-4.00 ,
2014-04-22,Western Development Bank Limited,,13,226.00,215.00,215.00,228.00,50328.00,226.00,-11.00 ,
2014-04-23,Western Development Bank Limited,,23,217.00,211.00,216.00,550.00,118300.00,215.00,1.00 ,
2014-04-27,United Insurance Co. (Nepal) Ltd.,UIC,12,680.00,630.00,680.00,4036.00,2592160.00,625.00,55.00 ,Non Life Insurance
2014-04-28,Western Development Bank Limited,,4,185.00,179.00,179.00,44.00,8008.00,216.00,-37.00 ,
2014-04-29,United Insurance Co. (Nepal) Ltd.,UIC,13,752.00,710.00,729.00,1361.00,995182.00,724.00,5.00 ,Non Life Insurance
2014-04-30,United Insurance Co. (Nepal) Ltd.,UIC,10,756.0,730.0,741.0,996.0,737887.0,729.0,12.0,Non Life Insurance
2014-05-04,Western Development Bank Limited,,3,182.00,180.00,180.00,336.00,60864.00,179.00,1.00 ,
2014-05-05,United Insurance Co. (Nepal) Ltd.,UIC,22,771.00,720.00,720.00,2758.00,2046295.00,720.00,0.00 ,Non Life Insurance
2014-05-06,United Insurance Co. (Nepal) Ltd.,UIC,8,720.00,701.00,701.00,1089.00,776462.00,720.00,-19.00 ,Non Life Insurance
2014-05-07,Western Development Bank Limited,,4,177.00,171.00,171.00,104.00,17964.00,180.00,-9.00 ,
2014-05-08,Western Development Bank Limited,,13,170.00,165.00,165.00,316.00,53220.00,171.00,-6.00 ,
2014-05-11,Western Development Bank Limited,,5,168.00,163.00,165.00,444.00,74088.00,165.00,0.00 ,
2014-05-12,Western Development Bank Limited,,1,162.00,162.00,162.00,12.00,1944.00,165.00,-3.00 ,
2014-05-13,Western Development Bank Limited,,6,178.00,165.00,178.00,386.00,67498.00,162.00,16.00 ,
2014-05-15,Western Development Bank Limited,,4,181.00,181.00,181.00,628.00,113668.00,178.00,3.00 ,
2014-05-18,Western Development Bank Limited,,3,182.00,182.00,182.00,42.00,7644.00,181.00,1.00 ,
2014-05-19,Western Development Bank Limited,,15,194.00,182.00,182.00,5092.00,957321.00,182.00,0.00 ,
2014-05-20,Western Development Bank Limited,,4,185.00,185.00,185.00,235.00,43475.00,182.00,3.00 ,
2014-05-21,Western Development Bank Limited,,10,194.00,188.00,194.00,1386.00,265468.00,185.00,9.00 ,
2014-05-22,Western Development Bank Limited,,11,197.00,191.00,195.00,2040.00,395956.00,194.00,1.00 ,
2014-05-25,Western Development Bank Limited,,2,193.00,193.00,193.00,208.00,40144.00,195.00,-2.00 ,
2014-05-26,Western Development Bank Limited,,2,190.00,187.00,187.00,512.00,97244.00,193.00,-6.00 ,
2014-05-27,Western Development Bank Limited,,4,184.00,180.00,180.00,348.00,62976.00,187.00,-7.00 ,
2014-05-28,Western Development Bank Limited,,1,178.00,178.00,178.00,500.00,89000.00,180.00,-2.00 ,
2014-06-01,United Insurance Co. (Nepal) Ltd.,UIC,37,852.00,790.00,852.00,25444.00,21164273.00,775.00,77.00 ,Non Life Insurance
2014-06-02,Western Development Bank Limited,,5,175.00,167.00,167.00,92.00,15800.00,178.00,-11.00 ,
2014-06-03,Western Development Bank Limited,,5,170.00,167.00,167.00,1522.00,254804.00,167.00,0.00 ,
2014-06-04,Western Development Bank Limited,,4,165.00,164.00,165.00,129.00,21182.00,167.00,-2.00 ,
2014-06-05,Western Development Bank Limited,,5,164.00,163.00,164.00,120.00,19656.00,165.00,-1.00 ,
2014-06-08,Western Development Bank Limited,,6,170.00,167.00,170.00,72.00,12144.00,164.00,6.00 ,
2014-06-09,Western Development Bank Limited,,6,170.00,168.00,170.00,138.00,23268.00,170.00,0.00 ,
2014-06-10,Western Development Bank Limited,,6,176.00,171.00,171.00,152.00,26524.00,170.00,1.00 ,
2014-06-11,Western Development Bank Limited,,1,170.00,170.00,170.00,120.00,20400.00,171.00,-1.00 ,
2014-06-12,Western Development Bank Limited,,9,171.00,167.00,169.00,232.00,39336.00,170.00,-1.00 ,
2014-06-15,Western Development Bank Limited,,1,172.00,172.00,172.00,20.00,3440.00,169.00,3.00 ,
2014-06-16,Western Development Bank Limited,,1,175.00,175.00,175.00,18.00,3150.00,172.00,3.00 ,
2014-06-17,Western Development Bank Limited,,9,178.00,169.00,0.00,366.00,64428.00,175.00,-3.00 ,
2014-06-18,Western Development Bank Limited,,5,179.00,175.00,172.00,176.00,31072.00,172.00,7.00 ,
2014-06-19,Western Development Bank Limited,,3,182.00,178.00,178.00,46.00,8308.00,179.00,-1.00 ,
2014-06-23,Western Development Bank Limited,,3,175.00,172.00,172.00,140.00,24464.00,178.00,-6.00 ,
2014-06-24,Western Development Bank Limited,,10,172.00,167.00,170.00,300.00,50864.00,172.00,-2.00 ,
2014-06-25,Western Development Bank Limited,,10,168.00,165.00,168.00,192.00,32100.00,170.00,-2.00 ,
2014-06-26,Western Development Bank Limited,,3,174.00,171.00,174.00,528.00,90324.00,168.00,6.00 ,
2014-06-29,Western Development Bank Limited,,1,175.00,175.00,175.00,60.00,10500.00,174.00,1.00 ,
2014-06-30,Western Development Bank Limited,,9,192.00,178.00,192.00,837.00,158544.00,175.00,17.00 ,
2014-07-01,Western Development Bank Limited,,17,211.00,195.00,211.00,613.00,125121.00,192.00,19.00 ,
2014-07-02,Western Development Bank Limited,,9,229.00,210.00,229.00,1320.00,284324.00,211.00,18.00 ,
2014-07-03,Western Development Bank Limited,,4,225.00,217.00,217.00,1142.00,251910.00,229.00,-12.00 ,
2014-07-06,United Insurance Co. (Nepal) Ltd.,UIC,12,950.00,915.00,931.00,5877.00,5461098.00,905.00,26.00 ,Non Life Insurance
2014-07-07,Western Development Bank Limited,,14,213.00,209.00,213.00,2244.00,471896.00,217.00,-4.00 ,
2014-07-08,Western Development Bank Limited,,8,225.00,213.00,225.00,754.00,163282.00,213.00,12.00 ,
2014-07-09,Western Development Bank Limited,,4,227.00,225.00,227.00,556.00,126100.00,225.00,2.00 ,
2014-07-10,Western Development Bank Limited,,7,227.00,223.00,223.00,2543.00,571131.00,227.00,-4.00 ,
2014-07-13,Western Development Bank Limited,,7,220.00,215.00,217.00,406.00,88294.00,223.00,-6.00 ,
2014-07-14,Western Development Bank Limited,,5,215.00,211.00,215.00,576.00,123664.00,217.00,-2.00 ,
2014-07-15,Western Development Bank Limited,,11,215.00,206.00,206.00,468.00,98784.00,215.00,-9.00 ,
2014-07-16,Western Development Bank Limited,,8,214.00,210.00,214.00,1182.00,252440.00,206.00,8.00 ,
2014-07-17,Western Development Bank Limited,,9,220.00,212.00,220.00,2058.00,448428.00,214.00,6.00 ,
2014-07-20,Western Development Bank Limited,,27,230.00,224.00,225.00,9326.00,2120840.00,220.00,5.00 ,
2014-07-21,Western Development Bank Limited,,23,238.00,229.00,238.00,5426.00,1257753.00,225.00,13.00 ,
2014-07-22,Western Development Bank Limited,,17,255.00,242.00,244.00,3022.00,757640.00,238.00,6.00 ,
2014-07-23,Western Development Bank Limited,,13,256.00,245.00,251.00,4151.00,1044960.00,244.00,7.00 ,
2014-07-24,Western Development Bank Limited,,9,256.00,242.00,246.00,2196.00,544130.00,251.00,-5.00 ,
2014-07-27,Western Development Bank Limited,,8,255.00,249.00,255.00,592.00,148988.00,246.00,9.00 ,
2014-07-28,Western Development Bank Limited,,3,255.00,255.00,255.00,104.00,26520.00,255.00,0.00 ,
2014-07-30,Western Development Bank Limited,,6,260.00,255.00,255.00,956.00,244380.00,255.00,0.00 ,
2014-07-31,Western Development Bank Limited,,20,275.00,254.00,275.00,5106.00,1319190.00,255.00,20.00 ,
2014-08-03,Western Development Bank Limited,,19,285.00,280.00,280.00,1868.00,526170.00,275.00,5.00 ,
2014-08-04,Western Development Bank Limited,,5,275.00,275.00,275.00,1000.00,275000.00,280.00,-5.00 ,
2014-08-05,Western Development Bank Limited,,14,275.00,248.00,260.00,383.00,99306.00,275.00,-15.00 ,
2014-08-06,Western Development Bank Limited,,10,265.00,255.00,255.00,420.00,109780.00,260.00,-5.00 ,
2014-08-07,Western Development Bank Limited,,6,255.00,250.00,255.00,568.00,142280.00,255.00,0.00 ,
2014-08-12,Western Development Bank Limited,,2,250.00,245.00,245.00,44.00,10940.00,255.00,-10.00 ,
2014-08-13,Western Development Bank Limited,,21,259.00,241.00,259.00,385.00,95417.00,245.00,14.00 ,
2014-08-14,Western Development Bank Limited,,2,260.00,255.00,255.00,340.00,86900.00,259.00,-4.00 ,
2014-08-18,Western Development Bank Limited,,19,250.00,233.00,233.00,1180.00,281464.00,255.00,-22.00 ,
2014-08-19,Western Development Bank Limited,,16,237.00,229.00,231.00,546.00,127502.00,233.00,-2.00 ,
2014-08-20,Western Development Bank Limited,,8,227.00,223.00,223.00,314.00,71014.00,231.00,-8.00 ,
2014-08-21,Western Development Bank Limited,,5,220.00,218.00,218.00,1304.00,285298.00,223.00,-5.00 ,
2014-08-24,Western Development Bank Limited,,4,222.00,214.00,222.00,206.00,44972.00,218.00,4.00 ,
2014-08-25,Western Development Bank Limited,,3,218.00,215.00,218.00,1048.00,228392.00,222.00,-4.00 ,
2014-08-26,United Insurance Co. (Nepal) Ltd.,UIC,5,880.00,860.00,860.00,241.00,209995.00,873.00,-13.00 ,Non Life Insurance
2014-08-27,Western Development Bank Limited,,11,239.00,220.00,239.00,136.00,31000.00,218.00,21.00 ,
2014-08-28,Western Development Bank Limited,,9,241.00,233.00,240.00,1236.00,296768.00,239.00,1.00 ,
2014-08-31,Western Development Bank Limited,,8,242.00,240.00,240.00,718.00,173256.00,240.00,0.00 ,
2014-09-01,Western Development Bank Limited,,6,236.00,224.00,228.00,266.00,60792.00,240.00,-12.00 ,
2014-09-03,Western Development Bank Limited,,1,224.00,224.00,224.00,12.00,2688.00,228.00,-4.00 ,
2014-09-04,United Insurance Co. (Nepal) Ltd.,UIC,2,814.00,798.00,798.00,248.00,198672.00,830.00,-32.00 ,Non Life Insurance
2014-09-07,United Insurance Co. (Nepal) Ltd.,UIC,2,783.00,768.00,768.00,200.00,155100.00,798.00,-30.00 ,Non Life Insurance
2014-09-09,Western Development Bank Limited,,8,232.00,223.00,229.00,448.00,102115.00,224.00,5.00 ,
2014-09-10,Western Development Bank Limited,,11,242.00,226.00,226.00,396.00,90776.00,229.00,-3.00 ,
2014-09-11,United Finance Ltd.,UFL,3,280.00,275.00,280.00,132.00,36800.00,280.00,0.00 ,Finance
2014-09-14,Western Development Bank Limited,,16,222.00,204.00,204.00,646.00,138192.00,226.00,-22.00 ,
2014-09-15,Western Development Bank Limited,,54,210.00,200.00,210.00,1155.00,237809.00,204.00,6.00 ,
2014-09-16,Western Development Bank Limited,,6,210.00,209.00,210.00,422.00,88310.00,210.00,0.00 ,
2014-09-17,Western Development Bank Limited,,5,207.00,198.00,198.00,918.00,187024.00,210.00,-12.00 ,
2014-09-18,Western Development Bank Limited,,12,198.00,194.00,197.00,1365.00,266614.00,198.00,-1.00 ,
2014-09-21,Western Development Bank Limited,,11,194.00,188.00,191.00,192.00,36812.00,197.00,-6.00 ,
2014-09-22,Western Development Bank Limited,,2,193.00,190.00,193.00,33.00,6333.00,191.00,2.00 ,
2014-09-23,United Insurance Co. (Nepal) Ltd.,UIC,6,821.00,790.00,790.00,902.00,720085.00,810.00,-20.00 ,Non Life Insurance
2014-09-24,Western Development Bank Limited,,3,199.00,195.00,199.00,136.00,26668.00,193.00,6.00 ,
2014-09-28,Western Development Bank Limited,,6,214.00,202.00,214.00,117.00,24164.00,199.00,15.00 ,
2014-09-29,Western Development Bank Limited,,7,234.00,218.00,230.00,590.00,135196.00,214.00,16.00 ,
2014-09-30,United Insurance Co. (Nepal) Ltd.,UIC,3,853.00,821.00,853.00,30.00,25110.00,805.00,48.00 ,Non Life Insurance
2014-10-08,Western Development Bank Limited,,10,238.00,223.00,223.00,6376.00,1472656.00,230.00,-7.00 ,
2014-10-09,Western Development Bank Limited,,3,219.00,215.00,215.00,32.00,6928.00,223.00,-8.00 ,
2014-10-12,United Insurance Co. (Nepal) Ltd.,UIC,1,840.00,840.00,840.00,100.00,84000.00,833.00,7.00 ,Non Life Insurance
2014-10-13,Western Development Bank Limited,,4,211.00,201.00,201.00,80.00,16480.00,215.00,-14.00 ,
2014-10-14,Western Development Bank Limited,,5,210.00,197.00,210.00,626.00,124748.00,201.00,9.00 ,
2014-10-15,Western Development Bank Limited,,4,218.00,210.00,218.00,66.00,14112.00,210.00,8.00 ,
2014-10-16,Western Development Bank Limited,,3,219.00,218.00,218.00,199.00,43395.00,218.00,0.00 ,
2014-10-19,United Finance Ltd.,UFL,3,265.00,260.00,260.00,1019.00,266065.00,267.00,-7.00 ,Finance
2014-10-20,Western Development Bank Limited,,2,218.00,214.00,214.00,174.00,37636.00,218.00,-4.00 ,
2014-10-21,Western Development Bank Limited,,5,210.00,202.00,202.00,136.00,27952.00,214.00,-12.00 ,
2014-10-22,Western Development Bank Limited,,4,205.00,201.00,205.00,116.00,23476.00,202.00,3.00 ,
2014-10-26,Western Development Bank Limited,,1,209.00,209.00,209.00,20.00,4180.00,205.00,4.00 ,
2014-10-27,United Insurance Co. (Nepal) Ltd.,UIC,22,980.00,960.00,971.00,3380.00,3277139.00,960.00,11.00 ,Non Life Insurance
2014-10-28,Western Development Bank Limited,,3,213.00,209.00,209.00,2502.00,524126.00,209.00,0.00 ,
2014-10-30,Western Development Bank Limited,,5,205.00,202.00,202.00,132.00,26884.00,209.00,-7.00 ,
2014-11-02,Western Development Bank Limited,,8,204.00,200.00,202.00,1178.00,238388.00,202.00,0.00 ,
2014-11-03,Western Development Bank Limited,,1,199.00,199.00,199.00,11.00,2189.00,202.00,-3.00 ,
2014-11-04,Western Development Bank Limited,,2,206.00,202.00,206.00,202.00,41332.00,199.00,7.00 ,
2014-11-05,Western Development Bank Limited,,3,206.00,205.00,206.00,787.00,161720.00,206.00,0.00 ,
2014-11-06,Western Development Bank Limited,,4,214.00,210.00,210.00,154.00,32540.00,206.00,4.00 ,
2014-11-09,Western Development Bank Limited,,3,206.00,202.00,206.00,252.00,51872.00,210.00,-4.00 ,
2014-11-10,Western Development Bank Limited,,6,202.00,200.00,200.00,851.00,170240.00,206.00,-6.00 ,
2014-11-11,Western Development Bank Limited,,5,200.00,196.00,199.00,1061.00,211115.00,200.00,-1.00 ,
2014-11-12,Western Development Bank Limited,,1,197.00,197.00,197.00,100.00,19700.00,199.00,-2.00 ,
2014-11-13,Western Development Bank Limited,,10,216.00,200.00,214.00,1045.00,220965.00,197.00,17.00 ,
2014-11-16,Western Development Bank Limited,,17,215.00,196.00,200.00,1068.00,215586.00,214.00,-14.00 ,
2014-11-17,Western Development Bank Limited,,2,204.00,200.00,200.00,160.00,32224.00,200.00,0.00 ,
2014-11-18,Western Development Bank Limited,,4,204.00,199.00,199.00,158.00,31660.00,200.00,-1.00 ,
2014-11-19,Western Development Bank Limited,,15,211.00,197.00,211.00,1457.00,292083.00,199.00,12.00 ,
2014-11-20,Western Development Bank Limited,,3,211.00,207.00,207.00,303.00,63077.00,211.00,-4.00 ,
2014-11-23,Western Development Bank Limited,,7,206.00,200.00,200.00,1262.00,256536.00,207.00,-7.00 ,
2014-11-24,Western Development Bank Limited,,3,204.00,203.00,203.00,769.00,156174.00,200.00,3.00 ,
2014-11-25,Western Development Bank Limited,,1,199.00,199.00,199.00,711.00,141489.00,203.00,-4.00 ,
2014-11-30,United Insurance Co. (Nepal) Ltd.,UIC,2,842.00,842.00,842.00,58.00,48836.00,850.00,-8.00 ,Non Life Insurance
2014-12-01,Western Development Bank Limited,,20,196.00,191.00,191.00,1536.00,295064.00,199.00,-8.00 ,
2014-12-02,Western Development Bank Limited,,2,194.00,191.00,194.00,348.00,67368.00,191.00,3.00 ,
2014-12-03,Western Development Bank Limited,,16,197.00,195.00,197.00,398.00,77970.00,194.00,3.00 ,
2014-12-04,Western Development Bank Limited,,5,199.00,194.00,199.00,148.00,28904.00,197.00,2.00 ,
2014-12-07,Western Development Bank Limited,,8,196.00,193.00,196.00,756.00,146430.00,199.00,-3.00 ,
2014-12-08,Western Development Bank Limited,,3,193.00,190.00,190.00,1012.00,193816.00,196.00,-6.00 ,
2014-12-09,United Insurance Co. (Nepal) Ltd.,UIC,2,800.00,796.00,796.00,510.00,406000.00,808.00,-12.00 ,Non Life Insurance
2014-12-10,Western Development Bank Limited,,30,193.00,189.00,189.00,2333.00,443803.00,190.00,-1.00 ,
2014-12-11,Western Development Bank Limited,,14,190.00,190.00,190.00,168.00,31920.00,189.00,1.00 ,
2014-12-14,Western Development Bank Limited,,9,200.00,193.00,195.00,1600.00,312132.00,190.00,5.00 ,
2014-12-15,Western Development Bank Limited,,12,212.00,198.00,212.00,230.00,47518.00,195.00,17.00 ,
2014-12-16,Western Development Bank Limited,,6,216.00,207.00,212.00,339.00,71390.00,212.00,0.00 ,
2014-12-17,Western Development Bank Limited,,1,208.00,208.00,208.00,20.00,4160.00,212.00,-4.00 ,
2014-12-18,Western Development Bank Limited,,5,214.00,210.00,214.00,332.00,70128.00,208.00,6.00 ,
2014-12-21,Western Development Bank Limited,,9,210.00,202.00,202.00,154.00,31340.00,214.00,-12.00 ,
2014-12-22,Western Development Bank Limited,,14,206.00,200.00,200.00,176.00,35608.00,202.00,-2.00 ,
2014-12-23,Western Development Bank Limited,,4,200.00,197.00,197.00,216.00,42732.00,200.00,-3.00 ,
2014-12-24,Western Development Bank Limited,,1,200.00,200.00,200.00,12.00,2400.00,197.00,3.00 ,
2014-12-28,Western Development Bank Limited,,7,218.00,204.00,211.00,184.00,38776.00,200.00,11.00 ,
2014-12-29,Western Development Bank Limited,,5,215.00,207.00,215.00,1692.00,355148.00,211.00,4.00 ,
2014-12-31,Western Development Bank Limited,,9,217.00,210.00,210.00,534.00,114986.00,215.00,-5.00 ,
